compound_id	compound_name	treats	palliates	total_edges
DB01048	Abacavir	1	0	144
DB05812	Abiraterone	1	0	81
DB00659	Acamprosate	1	0	242
DB00284	Acarbose	1	0	65
DB01193	Acebutolol	1	0	147
DB01418	Acenocoumarol	0	0	48
DB01614	Acepromazine	0	0	48
DB01615	Aceprometazine	0	0	34
DB00316	Acetaminophen	0	2	224
DB00819	Acetazolamide	2	0	92
DB03166	Acetic acid	0	0	11
DB00551	Acetohydroxamic Acid	0	0	42
DB01063	Acetophenazine	0	1	36
DB08842	Acetylcarnitine	0	0	4
DB06151	Acetylcysteine	0	1	90
DB00511	Acetyldigitoxin	0	0	12
DB00945	Acetylsalicylic acid	2	5	120
DB00787	Aciclovir	0	0	264
DB00459	Acitretin	1	0	305
DB08897	Aclidinium	0	0	40
DB00210	Adapalene	0	0	70
DB00718	Adefovir Dipivoxil	1	0	79
DB00173	Adenine	0	0	10
DB00640	Adenosine	0	0	142
DB00131	Adenosine monophosphate	0	0	41
DB00171	Adenosine triphosphate	0	0	46
DB00546	Adinazolam	0	0	45
DB08916	Afatinib	0	0	517
DB06594	Agomelatine	0	0	73
DB01426	Ajmaline	0	0	3
DB00518	Albendazole	0	0	181
DB06766	Alcaftadine	0	0	14
DB00240	Alclometasone	0	0	49
DB00630	Alendronate	2	0	131
DB01436	Alfacalcidol	0	0	22
DB00802	Alfentanil	0	0	91
DB00346	Alfuzosin	0	0	122
DB01246	Alimemazine	0	0	132
DB00523	Alitretinoin	2	0	655
DB01425	Alizapride	0	0	11
DB00437	Allopurinol	1	0	261
DB01431	Allylestrenol	0	0	13
DB01430	Almitrine	0	0	4
DB00918	Almotriptan	0	1	156
DB06203	Alogliptin	0	0	22
DB00969	Alosetron	0	0	131
DB00132	Alpha-Linolenic Acid	0	0	61
DB00404	Alprazolam	0	2	290
DB00866	Alprenolol	0	0	55
DB00770	Alprostadil	0	0	213
DB00488	Altretamine	1	0	29
DB01370	Aluminium	0	0	2
DB06723	Aluminum hydroxide	0	0	10
DB01616	Alverine	0	0	25
DB06274	Alvimopan	0	0	20
DB00915	Amantadine	0	2	155
DB01122	Ambenonium	0	0	2
DB00288	Amcinonide	0	0	87
DB08924	Amfecloral	0	0	12
DB01143	Amifostine	0	0	67
DB00479	Amikacin	0	0	41
DB00594	Amiloride	1	0	105
DB00513	Aminocaproic Acid	0	0	78
DB00357	Aminoglutethimide	0	0	45
DB00345	Aminohippurate	0	0	50
DB00855	Aminolevulinic acid	0	0	136
DB01424	Aminophenazone	0	0	13
DB01223	Aminophylline	2	0	108
DB00233	Aminosalicylic Acid	0	0	82
DB01118	Amiodarone	0	0	326
DB06288	Amisulpride	0	0	98
DB00321	Amitriptyline	1	4	233
DB01025	Amlexanox	0	0	25
DB00381	Amlodipine	1	1	281
DB06768	Ammonium lactate	0	0	23
DB01351	Amobarbital	1	0	65
DB00613	Amodiaquine	0	0	119
DB00543	Amoxapine	0	0	162
DB01060	Amoxicillin	0	0	129
DB00182	Amphetamine	0	2	119
DB00681	Amphotericin B	0	0	351
DB00415	Ampicillin	0	0	78
DB00701	Amprenavir	1	0	88
DB01427	Amrinone	0	1	6
DB00276	Amsacrine	0	0	114
DB01612	Amyl Nitrite	0	0	2
DB00261	Anagrelide	1	0	235
DB01217	Anastrozole	1	0	183
DB00362	Anidulafungin	0	0	133
DB00913	Anileridine	0	0	17
DB01125	Anisindione	0	0	8
DB00517	Anisotropine Methylbromide	0	0	6
DB08799	Antazoline	0	0	25
DB01435	Antipyrine	0	1	20
DB01419	Antrafenine	0	0	7
DB06605	Apixaban	0	0	111
DB00714	Apomorphine	0	1	73
DB00964	Apraclonidine	1	0	121
DB00673	Aprepitant	0	2	253
DB01429	Aprindine	0	0	18
DB01352	Aprobarbital	0	0	22
DB06696	Arbekacin	0	0	7
DB01102	Arbutamine	0	0	16
DB00407	Ardeparin	0	0	74
DB01274	Arformoterol	2	0	208
DB00278	Argatroban	0	0	80
DB01238	Aripiprazole	0	4	884
DB01169	Arsenic trioxide	0	0	12
DB06697	Artemether	1	0	8
DB09009	Articaine	0	0	90
DB06216	Asenapine	0	0	155
DB00168	Aspartame	0	0	21
DB00637	Astemizole	0	0	35
DB01072	Atazanavir	0	0	250
DB00335	Atenolol	0	0	154
DB00289	Atomoxetine	0	2	224
DB01076	Atorvastatin	2	0	46
DB01117	Atovaquone	0	0	7
DB00732	Atracurium	0	0	56
DB00572	Atropine	0	2	232
DB00995	Auranofin	2	0	115
DB06237	Avanafil	0	0	116
DB00928	Azacitidine	0	0	708
DB07402	Azapropazone	0	0	1
DB00719	Azatadine	0	0	16
DB00993	Azathioprine	6	0	142
DB00548	Azelaic Acid	0	0	40
DB00972	Azelastine	0	0	187
DB08795	Azidocillin	0	0	26
DB08822	Azilsartan medoxomil	0	0	29
DB00207	Azithromycin	0	0	228
DB01061	Azlocillin	0	0	27
DB00355	Aztreonam	0	0	101
DB01602	Bacampicillin	0	0	29
DB00626	Bacitracin	0	0	31
DB00181	Baclofen	0	1	244
DB01014	Balsalazide	2	0	44
DB01408	Bambuterol	0	0	8
DB00394	Beclomethasone	2	0	100
DB08903	Bedaquiline	0	0	45
DB00542	Benazepril	1	0	125
DB00436	Bendroflumethiazide	1	0	52
DB00516	Bentoquatam	0	0	10
DB00245	Benzatropine	0	4	67
DB01086	Benzocaine	0	0	43
DB00868	Benzonatate	0	0	30
DB00865	Benzphetamine	1	0	84
DB00562	Benzthiazide	0	0	15
DB00676	Benzyl Benzoate	0	0	60
DB06770	Benzyl alcohol	0	0	53
DB01053	Benzylpenicillin	0	0	272
DB00895	Benzylpenicilloyl Polylysine	0	0	2
DB04890	Bepotastine	0	0	22
DB01244	Bepridil	1	0	108
DB06771	Besifloxacin	0	0	18
DB06698	Betahistine	0	0	56
DB00443	Betamethasone	11	5	669
DB00195	Betaxolol	2	0	281
DB00272	Betazole	0	0	5
DB01019	Bethanechol	0	0	42
DB00217	Bethanidine	0	0	20
DB01295	Bevantolol	0	0	14
DB00307	Bexarotene	1	0	296
DB01393	Bezafibrate	0	0	82
DB01128	Bicalutamide	1	0	212
DB04794	Bifonazole	0	0	22
DB00905	Bimatoprost	1	0	137
DB00121	Biotin	0	0	26
DB00810	Biperiden	0	1	136
DB09020	Bisacodyl	0	0	512
DB01294	Bismuth Subsalicylate	0	0	63
DB00612	Bisoprolol	0	0	236
DB00290	Bleomycin	6	0	114
DB08873	Boceprevir	0	0	310
DB08807	Bopindolol	0	0	13
DB00188	Bortezomib	1	0	1140
DB00559	Bosentan	0	0	215
DB06616	Bosutinib	0	0	291
DB01158	Bretylium	0	0	53
DB00484	Brimonidine	1	0	174
DB01194	Brinzolamide	1	0	209
DB01558	Bromazepam	0	0	100
DB00963	Bromfenac	0	0	71
DB09019	Bromhexine	0	0	19
DB01200	Bromocriptine	1	1	219
DB01237	Bromodiphenhydramine	0	0	40
DB09018	Bromopride	0	0	5
DB00835	Brompheniramine	0	0	35
DB09017	Brotizolam	0	0	10
DB00354	Buclizine	0	0	18
DB01222	Budesonide	2	0	389
DB00887	Bumetanide	1	1	93
DB00297	Bupivacaine	0	0	237
DB08808	Bupranolol	0	0	15
DB00921	Buprenorphine	0	0	253
DB01156	Bupropion	1	2	568
DB00490	Buspirone	0	1	204
DB01008	Busulfan	1	0	404
DB00237	Butabarbital	0	0	55
DB00241	Butalbital	0	1	24
DB01091	Butenafine	0	0	26
DB01353	Butethal	0	0	21
DB00639	Butoconazole	0	0	20
DB00611	Butorphanol	0	0	146
DB06772	Cabazitaxel	1	0	158
DB00248	Cabergoline	0	1	166
DB00201	Caffeine	0	1	95
DB00146	Calcidiol	0	0	16
DB02300	Calcipotriol	1	0	86
DB00136	Calcitriol	2	1	178
DB00258	Calcium Acetate	1	1	48
DB01164	Calcium Chloride	0	0	56
DB00326	Calcium Gluceptate	0	0	41
DB01489	Camazepam	0	0	25
DB08907	Canagliflozin	0	0	104
DB00796	Candesartan	1	0	116
DB00616	Candoxatril	0	0	2
DB01101	Capecitabine	6	0	497
DB00314	Capreomycin	0	0	36
DB09014	Captodiame	0	0	15
DB01197	Captopril	3	0	183
DB00411	Carbachol	1	0	71
DB00564	Carbamazepine	1	4	392
DB00578	Carbenicillin	0	0	58
DB01282	Carbetocin	0	0	8
DB00190	Carbidopa	0	2	198
DB00389	Carbimazole	0	0	71
DB00748	Carbinoxamine	0	0	116
DB00958	Carboplatin	9	0	32
DB00429	Carboprost Tromethamine	0	0	102
DB08889	Carfilzomib	0	0	76
DB06775	Carglumic Acid	0	0	46
DB00395	Carisoprodol	0	0	32
DB00262	Carmustine	5	0	186
DB00821	Carprofen	0	0	16
DB00521	Carteolol	1	0	60
DB01136	Carvedilol	1	0	291
DB00520	Caspofungin	0	0	287
DB01414	Cefacetrile	0	0	23
DB00833	Cefaclor	0	0	194
DB01140	Cefadroxil	0	0	96
DB00456	Cefalotin	0	0	70
DB01326	Cefamandole	0	0	34
DB01139	Cefapirin	0	0	24
DB01327	Cefazolin	0	0	125
DB00535	Cefdinir	0	0	140
DB01066	Cefditoren	0	0	18
DB01413	Cefepime	0	0	130
DB00671	Cefixime	0	0	145
DB00267	Cefmenoxime	0	0	26
DB00274	Cefmetazole	0	0	17
DB01328	Cefonicid	0	0	25
DB01329	Cefoperazone	0	0	24
DB00923	Ceforanide	0	0	73
DB00493	Cefotaxime	0	0	97
DB01330	Cefotetan	0	0	56
DB00229	Cefotiam	0	0	62
DB01331	Cefoxitin	0	0	76
DB00430	Cefpiramide	0	0	18
DB01416	Cefpodoxime	0	0	220
DB01150	Cefprozil	0	0	84
DB01333	Cefradine	0	0	25
DB06590	Ceftaroline fosamil	0	0	54
DB00438	Ceftazidime	0	0	116
DB01415	Ceftibuten	0	0	83
DB01332	Ceftizoxime	0	0	63
DB01212	Ceftriaxone	0	0	148
DB01112	Cefuroxime	0	0	178
DB00482	Celecoxib	0	9	380
DB00567	Cephalexin	0	0	134
DB00689	Cephaloglycin	0	0	35
DB09008	Cephaloridine	0	0	3
DB01034	Cerulenin	0	0	501
DB00403	Ceruletide	0	0	7
DB00341	Cetirizine	1	0	285
DB00050	Cetrorelix	0	0	47
DB00185	Cevimeline	0	0	450
DB06777	Chenodeoxycholic acid	1	0	243
DB00291	Chlorambucil	4	0	137
DB00446	Chloramphenicol	0	0	100
DB08936	Chlorcyclizine	0	0	32
DB00475	Chlordiazepoxide	0	1	33
DB00878	Chlorhexidine	0	0	103
DB00534	Chlormerodrin	0	0	23
DB01178	Chlormezanone	0	0	14
DB01161	Chloroprocaine	0	0	54
DB08800	Chloropyramine	0	0	27
DB00608	Chloroquine	0	0	93
DB00880	Chlorothiazide	1	0	82
DB01243	Chloroxine	0	0	109
DB01114	Chlorphenamine	0	0	107
DB00856	Chlorphenesin	0	0	14
DB00477	Chlorpromazine	0	3	263
DB00672	Chlorpropamide	1	0	59
DB01239	Chlorprothixene	0	0	99
DB00310	Chlorthalidone	1	0	90
DB00356	Chlorzoxazone	0	0	28
DB00169	Cholecalciferol	3	1	26
DB00122	Choline	0	1	35
DB01410	Ciclesonide	1	0	122
DB01188	Ciclopirox	0	0	257
DB00369	Cidofovir	0	0	286
DB01597	Cilastatin	0	0	4
DB01340	Cilazapril	0	0	172
DB01166	Cilostazol	0	1	218
DB00501	Cimetidine	1	0	108
DB01012	Cinacalcet	0	1	81
DB00587	Cinalukast	0	0	4
DB00527	Cinchocaine	0	0	29
DB08810	Cinitapride	0	0	3
DB00568	Cinnarizine	0	0	45
DB01594	Cinolazepam	0	0	36
DB00827	Cinoxacin	0	0	32
DB00537	Ciprofloxacin	0	1	536
DB00604	Cisapride	0	0	30
DB00565	Cisatracurium Besylate	0	0	56
DB00515	Cisplatin	8	0	203
DB00215	Citalopram	1	3	852
DB00242	Cladribine	2	0	320
DB01211	Clarithromycin	0	0	300
DB00766	Clavulanate	0	0	28
DB00283	Clemastine	0	0	85
DB01407	Clenbuterol	0	0	24
DB04920	Clevidipine	0	0	37
DB00771	Clidinium	0	0	26
DB01190	Clindamycin	1	0	168
DB00349	Clobazam	1	0	154
DB01013	Clobetasol propionate	1	0	169
DB09003	Clocapramine	0	0	10
DB00838	Clocortolone	0	0	43
DB00720	Clodronate	0	0	74
DB00631	Clofarabine	1	0	353
DB00845	Clofazimine	0	0	63
DB04837	Clofedanol	0	0	49
DB00636	Clofibrate	0	0	14
DB00882	Clomifene	1	0	399
DB01242	Clomipramine	0	1	484
DB00453	Clomocycline	0	0	9
DB01068	Clonazepam	1	7	337
DB00575	Clonidine	2	4	230
DB09002	Cloperastine	0	0	34
DB00758	Clopidogrel	1	0	353
DB00628	Clorazepate	0	0	59
DB01559	Clotiazepam	0	0	33
DB00257	Clotrimazole	0	0	67
DB01147	Cloxacillin	0	0	24
DB01553	Cloxazolam	0	0	12
DB00363	Clozapine	0	2	77
DB00907	Cocaine	0	0	32
DB00318	Codeine	0	1	131
DB01394	Colchicine	2	1	186
DB00375	Colestipol	0	0	73
DB01111	Colistimethate	0	0	88
DB00803	Colistin	0	0	3
DB00872	Conivaptan	0	0	73
DB00286	Conjugated Estrogens	2	1	301
DB01380	Cortisone acetate	0	0	32
DB00148	Creatine	0	0	8
DB08865	Crizotinib	1	0	691
DB01003	Cromoglicic acid	1	0	135
DB00265	Crotamiton	0	0	10
DB09000	Cyamemazine	0	0	33
DB00115	Cyanocobalamin	0	0	15
DB01000	Cyclacillin	0	0	20
DB04838	Cyclandelate	0	0	13
DB01176	Cyclizine	0	0	113
DB00924	Cyclobenzaprine	0	2	178
DB00979	Cyclopentolate	0	0	63
DB00531	Cyclophosphamide	0	0	341
DB00260	Cycloserine	0	0	29
DB00091	Cyclosporine	4	0	863
DB00606	Cyclothiazide	0	0	15
DB00942	Cycrimine	0	0	10
DB00434	Cyproheptadine	1	2	191
DB04839	Cyproterone acetate	0	0	206
DB00847	Cysteamine	0	0	99
DB00987	Cytarabine	2	0	193
DB09028	Cytisine	0	0	6
DB06695	Dabigatran etexilate	0	0	149
DB08912	Dabrafenib	0	0	678
DB00851	Dacarbazine	7	0	18
DB00970	Dactinomycin	10	0	590
DB06637	Dalfampridine	0	1	85
DB01764	Dalfopristin	0	0	2
DB01406	Danazol	0	0	303
DB01219	Dantrolene	0	1	112
DB06292	Dapagliflozin	0	0	108
DB00298	Dapiprazole	0	0	4
DB00250	Dapsone	3	0	90
DB00496	Darifenacin	0	0	129
DB01264	Darunavir	0	0	283
DB01254	Dasatinib	1	0	853
DB00694	Daunorubicin	1	0	703
DB04840	Debrisoquin	0	0	4
DB01245	Decamethonium	0	0	13
DB01262	Decitabine	0	0	257
DB01609	Deferasirox	0	0	10
DB08826	Deferiprone	0	0	125
DB00746	Deferoxamine	0	1	118
DB06699	Degarelix	1	0	125
DB00705	Delavirdine	1	0	299
DB01511	Delorazepam	0	0	34
DB00944	Demecarium	0	0	3
DB00618	Demeclocycline	0	0	10
DB08998	Demexiptiline	0	0	14
DB01089	Deserpidine	0	0	6
DB01189	Desflurane	0	0	161
DB01151	Desipramine	0	1	189
DB01078	Deslanoside	0	0	12
DB00967	Desloratadine	1	0	84
DB00035	Desmopressin	0	0	161
DB00304	Desogestrel	0	1	61
DB01260	Desonide	1	0	86
DB00547	Desoximetasone	0	0	137
DB06700	Desvenlafaxine	0	0	117
DB01234	Dexamethasone	11	5	692
DB00405	Dexbrompheniramine	0	0	23
DB01191	Dexfenfluramine	0	0	18
DB00633	Dexmedetomidine	0	0	160
DB06701	Dexmethylphenidate	0	0	345
DB00380	Dexrazoxane	0	0	109
DB01576	Dextroamphetamine	0	2	114
DB00514	Dextromethorphan	0	2	80
DB00647	Dextropropoxyphene	0	0	132
DB00509	Dextrothyroxine	1	0	102
DB01209	Dezocine	0	0	10
DB00271	Diatrizoate	0	0	142
DB00829	Diazepam	1	2	307
DB01119	Diazoxide	0	1	150
DB00586	Diclofenac	0	5	461
DB01144	Diclofenamide	1	0	68
DB00485	Dicloxacillin	0	0	116
DB00266	Dicoumarol	0	0	10
DB00804	Dicyclomine	0	0	110
DB00900	Didanosine	1	0	110
DB00890	Dienestrol	0	0	23
DB00711	Diethylcarbamazine	0	0	9
DB00937	Diethylpropion	1	0	86
DB00255	Diethylstilbestrol	0	0	19
DB01501	Difenoxin	0	0	16
DB00223	Diflorasone	0	0	120
DB00861	Diflunisal	0	2	107
DB06781	Difluprednate	0	0	68
DB01396	Digitoxin	0	0	511
DB00390	Digoxin	0	2	595
DB00154	Dihomo-gamma-linolenic acid	0	0	44
DB01551	Dihydrocodeine	0	0	61
DB00320	Dihydroergotamine	0	1	144
DB01070	Dihydrotachysterol	0	0	8
DB01375	Dihydroxyaluminium	0	0	53
DB08792	Diloxanide	0	0	2
DB00343	Diltiazem	1	1	275
DB00985	Dimenhydrinate	2	1	71
DB06782	Dimercaprol	0	0	27
DB08996	Dimetacrine	0	0	38
DB01093	Dimethyl sulfoxide	0	0	6
DB08801	Dimetindene	0	0	31
DB08967	Dimetotiazine	0	0	18
DB01160	Dinoprost Tromethamine	0	0	124
DB00917	Dinoprostone	0	0	139
DB08995	Diosmin	0	0	7
DB00729	Diphemanil Methylsulfate	0	0	11
DB01075	Diphenhydramine	2	2	132
DB01231	Diphenidol	0	0	39
DB01081	Diphenoxylate	0	0	21
DB01146	Diphenylpyraline	0	0	49
DB00449	Dipivefrin	1	0	26
DB00975	Dipyridamole	0	1	186
DB00954	Dirithromycin	0	0	22
DB00280	Disopyramide	0	0	142
DB00822	Disulfiram	1	0	206
DB08994	Ditazole	0	0	6
DB00841	Dobutamine	0	0	31
DB01248	Docetaxel	9	0	389
DB00632	Docosanol	0	0	11
DB00204	Dofetilide	0	0	76
DB00757	Dolasetron	0	0	157
DB08930	Dolutegravir	0	0	55
DB01184	Domperidone	0	0	80
DB00843	Donepezil	1	0	379
DB00988	Dopamine	0	0	64
DB00869	Dorzolamide	1	0	208
DB01135	Doxacurium chloride	0	0	9
DB00561	Doxapram	0	0	81
DB00590	Doxazosin	1	0	273
DB01142	Doxepin	0	1	339
DB00997	Doxorubicin	17	0	1066
DB00254	Doxycycline	1	1	20
DB00366	Doxylamine	0	0	148
DB00470	Dronabinol	0	0	72
DB04855	Dronedarone	0	0	74
DB00450	Droperidol	0	0	59
DB01395	Drospirenone	0	1	53
DB00858	Drostanolone	0	0	15
DB06751	Drotaverine	0	0	2
DB06262	Droxidopa	0	0	42
DB00476	Duloxetine	0	2	359
DB01126	Dutasteride	0	0	52
DB00645	Dyclonine	0	0	10
DB00378	Dydrogesterone	0	0	18
DB00651	Dyphylline	1	0	43
DB05265	Ecabet	0	0	1
DB01057	Echothiophate	1	0	18
DB01127	Econazole	0	0	26
DB00974	Edetic Acid	0	0	66
DB01010	Edrophonium	0	0	41
DB00625	Efavirenz	1	0	278
DB00216	Eletriptan	0	1	282
DB06210	Eltrombopag	0	0	19
DB01084	Emedastine	0	0	51
DB00879	Emtricitabine	0	0	150
DB00584	Enalapril	2	0	259
DB01228	Encainide	0	0	12
DB00228	Enflurane	0	0	34
DB00467	Enoxacin	0	0	24
DB01225	Enoxaparin	0	0	75
DB04880	Enoximone	0	0	1
DB00824	Enprofylline	0	0	7
DB00494	Entacapone	0	1	276
DB00442	Entecavir	1	0	71
DB08899	Enzalutamide	0	0	82
DB08992	Eperisone	0	0	4
DB01364	Ephedrine	0	2	81
DB00751	Epinastine	0	0	39
DB00668	Epinephrine	0	3	130
DB08991	Epirizole	0	0	2
DB00445	Epirubicin	14	0	1039
DB00700	Eplerenone	2	0	160
DB01240	Epoprostenol	0	1	154
DB08990	Eprazinone	0	0	45
DB00876	Eprosartan	1	0	152
DB02187	Equilin	0	0	16
DB00153	Ergocalciferol	2	0	47
DB01049	Ergoloid mesylate	0	0	7
DB01253	Ergonovine	0	0	60
DB00696	Ergotamine	0	1	51
DB08871	Eribulin	1	0	11
DB00530	Erlotinib	3	0	332
DB00303	Ertapenem	0	0	320
DB01613	Erythrityl Tetranitrate	0	0	3
DB00199	Erythromycin	0	0	96
DB01175	Escitalopram	0	2	847
DB00187	Esmolol	1	0	155
DB00736	Esomeprazole	1	4	319
DB01215	Estazolam	0	0	183
DB00783	Estradiol	2	1	704
DB08866	Estradiol valerate/Dienogest	1	1	202
DB01196	Estramustine	1	0	85
DB04573	Estriol	0	0	273
DB00655	Estrone	1	1	115
DB04574	Estropipate	1	0	205
DB00402	Eszopiclone	0	2	283
DB00903	Ethacrynic acid	1	1	118
DB00330	Ethambutol	0	0	66
DB00898	Ethanol	0	0	15
DB06689	Ethanolamine Oleate	0	0	34
DB00189	Ethchlorvynol	0	0	3
DB01031	Ethinamate	0	0	3
DB00977	Ethinyl Estradiol	2	2	193
DB00609	Ethionamide	0	0	53
DB00392	Ethopropazine	0	0	64
DB00593	Ethosuximide	0	0	86
DB00754	Ethotoin	0	0	62
DB01545	Ethyl loflazepate	0	0	20
DB01466	Ethylmorphine	0	0	15
DB00823	Ethynodiol	0	0	24
DB08987	Etidocaine	0	0	4
DB01077	Etidronic acid	2	0	91
DB00749	Etodolac	0	1	200
DB08984	Etofenamate	0	0	13
DB08983	Etofibrate	0	0	4
DB00292	Etomidate	0	0	41
DB00294	Etonogestrel	0	0	214
DB00773	Etoposide	11	0	389
DB01628	Etoricoxib	0	0	274
DB06414	Etravirine	0	0	142
DB01590	Everolimus	1	0	929
DB00990	Exemestane	1	0	192
DB00973	Ezetimibe	2	0	160
DB04953	Ezogabine	0	0	95
DB00426	Famciclovir	0	0	116
DB00927	Famotidine	0	0	144
DB00949	Felbamate	1	0	271
DB01023	Felodipine	1	0	150
DB00093	Felypressin	0	0	10
DB08981	Fenbufen	0	0	25
DB01463	Fencamfamine	0	0	4
DB01482	Fenethylline	0	0	27
DB01039	Fenofibrate	1	0	249
DB00800	Fenoldopam	1	0	60
DB00573	Fenoprofen	0	1	134
DB01288	Fenoterol	0	0	19
DB01550	Fenproporex	0	0	18
DB08979	Fenspiride	0	0	4
DB00813	Fentanyl	0	2	569
DB06702	Fesoterodine	0	0	88
DB00950	Fexofenadine	0	0	94
DB08874	Fidaxomicin	0	0	40
DB01216	Finasteride	0	0	67
DB08868	Fingolimod	1	0	102
DB03147	Flavin adenine dinucleotide	0	0	29
DB01148	Flavoxate	0	0	40
DB01195	Flecainide	0	0	168
DB08976	Floctafenine	0	0	7
DB00322	Floxuridine	1	0	155
DB08974	Flubendazole	0	0	34
DB00301	Flucloxacillin	0	0	100
DB00196	Fluconazole	0	0	186
DB01099	Flucytosine	0	0	85
DB01073	Fludarabine	2	0	165
DB01567	Fludiazepam	0	0	48
DB00687	Fludrocortisone	0	1	121
DB01205	Flumazenil	0	0	122
DB00663	Flumethasone Pivalate	0	0	32
DB04841	Flunarizine	0	0	32
DB00180	Flunisolide	2	0	235
DB01544	Flunitrazepam	0	0	82
DB00591	Fluocinolone Acetonide	2	0	240
DB01047	Fluocinonide	2	0	113
DB08971	Fluocortolone	0	0	28
DB00693	Fluorescein	0	0	98
DB00324	Fluorometholone	0	0	120
DB00544	Fluorouracil	7	0	210
DB00472	Fluoxetine	0	2	597
DB01185	Fluoxymesterone	1	0	69
DB00875	Flupentixol	0	0	14
DB00623	Fluphenazine	0	1	175
DB06623	Flupirtine	0	0	5
DB08970	Fluprednidene Acetate	0	0	34
DB00846	Flurandrenolide	0	0	111
DB00690	Flurazepam	0	0	122
DB00712	Flurbiprofen	0	1	307
DB04842	Fluspirilene	0	0	87
DB00499	Flutamide	1	0	119
DB00588	Fluticasone Propionate	1	0	288
DB08906	Fluticasone furoate	1	0	90
DB01095	Fluvastatin	0	0	390
DB00176	Fluvoxamine	0	2	482
DB00158	Folic Acid	0	0	49
DB01213	Fomepizole	0	0	58
DB00569	Fondaparinux sodium	0	0	197
DB01342	Forasartan	0	0	7
DB08905	Formestane	0	0	15
DB00983	Formoterol	2	0	208
DB01319	Fosamprenavir	0	0	74
DB06717	Fosaprepitant	0	0	160
DB00529	Foscarnet	0	0	186
DB00828	Fosfomycin	0	0	63
DB00492	Fosinopril	1	0	276
DB01320	Fosphenytoin	1	0	228
DB06716	Fospropofol	0	0	42
DB00452	Framycetin	0	0	32
DB00998	Frovatriptan	0	1	169
DB00947	Fulvestrant	1	0	599
DB00614	Furazolidone	0	0	5
DB00695	Furosemide	3	1	197
DB08966	Fursultiamine	0	0	5
DB02703	Fusidic Acid	0	0	69
DB00996	Gabapentin	2	6	549
DB00743	Gadobenate Dimeglumine	0	0	265
DB06703	Gadobutrol	0	0	46
DB00225	Gadodiamide	0	0	115
DB06705	Gadofosveset trisodium	0	0	219
DB00789	Gadopentetate dimeglumine	0	0	202
DB00597	Gadoteridol	0	0	78
DB00538	Gadoversetamide	0	0	207
DB08884	Gadoxetate	0	0	160
DB00674	Galantamine	1	0	217
DB00483	Gallamine Triethiodide	0	0	93
DB05260	Gallium nitrate	0	0	45
DB01440	Gamma Hydroxybutyric Acid	0	1	195
DB01004	Ganciclovir	0	0	316
DB01044	Gatifloxacin	0	0	250
DB00317	Gefitinib	1	0	291
DB00441	Gemcitabine	6	0	716
DB01241	Gemfibrozil	1	0	153
DB01155	Gemifloxacin	0	0	182
DB00798	Gentamicin	0	0	97
DB00406	Gentian Violet	0	0	1
DB06730	Gestodene	0	0	12
DB01120	Gliclazide	1	0	297
DB00222	Glimepiride	1	0	139
DB01067	Glipizide	1	0	140
DB01251	Gliquidone	0	0	11
DB01289	Glisoxepide	0	0	12
DB01296	Glucosamine	0	1	28
DB00143	Glutathione	0	0	47
DB01437	Glutethimide	0	0	14
DB01016	Glyburide	2	0	187
DB08909	Glycerol Phenylbutyrate	0	0	23
DB00145	Glycine	0	0	79
DB01382	Glycodiazine	0	0	6
DB00986	Glycopyrrolate	0	0	140
DB00644	Gonadorelin	0	0	61
DB00014	Goserelin	2	0	262
DB00889	Granisetron	0	0	149
DB00400	Griseofulvin	0	0	42
DB00874	Guaifenesin	0	0	21
DB00629	Guanabenz	1	0	196
DB00226	Guanadrel	1	0	2
DB01170	Guanethidine	1	0	3
DB01018	Guanfacine	1	1	119
DB00536	Guanidine	0	0	107
DB00801	Halazepam	0	0	44
DB00596	Halobetasol Propionate	0	0	27
DB01218	Halofantrine	0	0	66
DB00502	Haloperidol	0	4	205
DB00793	Haloprogin	0	0	42
DB01159	Halothane	0	0	44
DB01354	Heptabarbital	0	0	18
DB01452	Heroin	0	0	9
DB01094	Hesperetin	0	0	6
DB00739	Hetacillin	0	0	19
DB00756	Hexachlorophene	0	0	30
DB00941	Hexafluronium	0	0	2
DB08958	Hexetidine	0	0	18
DB01355	Hexobarbital	0	0	19
DB08957	Hexoprenaline	0	0	5
DB00473	Hexylcaine	0	0	18
DB00667	Histamine Phosphate	0	0	174
DB00725	Homatropine Methylbromide	0	0	17
DB04865	Homoharringtonine	0	0	501
DB01275	Hydralazine	1	0	96
DB00999	Hydrochlorothiazide	2	0	307
DB00956	Hydrocodone	0	0	101
DB00769	Hydrocortamate	0	0	27
DB00741	Hydrocortisone	8	2	321
DB00774	Hydroflumethiazide	1	0	79
DB00327	Hydromorphone	0	0	334
DB00200	Hydroxocobalamin	0	0	90
DB01611	Hydroxychloroquine	0	0	146
DB08847	Hydroxyproline	0	0	2
DB01005	Hydroxyurea	4	0	139
DB00557	Hydroxyzine	0	0	41
DB00424	Hyoscyamine	1	2	230
DB00710	Ibandronate	1	0	209
DB05266	Ibudilast	0	0	11
DB01050	Ibuprofen	0	1	377
DB00308	Ibutilide	0	0	39
DB06196	Icatibant	0	0	14
DB00159	Icosapent	0	0	43
DB08887	Icosapent ethyl	0	0	116
DB01177	Idarubicin	2	0	610
DB00249	Idoxuridine	0	0	23
DB08954	Ifenprodil	0	0	22
DB01181	Ifosfamide	3	0	334
DB04946	Iloperidone	0	0	183
DB01088	Iloprost	0	0	14
DB00619	Imatinib	1	0	412
DB01598	Imipenem	0	0	6
DB00458	Imipramine	0	3	249
DB00724	Imiquimod	1	0	279
DB06255	Incadronate	0	0	1
DB05039	Indacaterol	1	0	62
DB00808	Indapamide	1	0	261
DB00192	Indecainide	0	0	15
DB00224	Indinavir	1	0	262
DB00328	Indomethacin	1	4	248
DB05013	Ingenol Mebutate	0	0	35
DB06704	Iobenguane	0	0	18
DB04711	Iodipamide	0	0	29
DB01249	Iodixanol	0	0	162
DB08824	Ioflupane I 123	0	0	19
DB01362	Iohexol	0	0	107
DB08947	Iopamidol	0	0	224
DB08946	Iopanoic acid	0	0	15
DB00332	Ipratropium bromide	1	0	216
DB01029	Irbesartan	2	0	272
DB00762	Irinotecan	6	0	673
DB01592	Iron	0	0	176
DB08944	Isoaminile	0	0	37
DB01247	Isocarboxazid	0	1	57
DB08943	Isoconazole	0	0	6
DB00221	Isoetarine	1	0	14
DB00753	Isoflurane	0	0	82
DB00677	Isoflurophate	0	0	3
DB06706	Isometheptene	0	0	11
DB00951	Isoniazid	0	0	63
DB01064	Isoprenaline	1	0	75
DB01625	Isopropamide	0	0	23
DB00883	Isosorbide Dinitrate	0	1	38
DB01020	Isosorbide Mononitrate	0	1	249
DB08802	Isothipendyl	0	0	24
DB00982	Isotretinoin	1	0	650
DB08941	Isoxsuprine	0	0	33
DB00270	Isradipine	1	0	132
DB01167	Itraconazole	0	0	251
DB08820	Ivacaftor	0	0	61
DB00602	Ivermectin	0	0	357
DB04845	Ixabepilone	1	0	160
DB01321	Josamycin	0	0	7
DB01172	Kanamycin	0	0	48
DB01221	Ketamine	0	0	52
DB01587	Ketazolam	0	0	23
DB06738	Ketobemidone	0	0	11
DB01026	Ketoconazole	0	0	181
DB01009	Ketoprofen	0	1	205
DB00465	Ketorolac	0	0	346
DB00920	Ketotifen	1	0	67
DB00160	L-Alanine	0	0	28
DB00125	L-Arginine	0	0	56
DB00174	L-Asparagine	0	0	19
DB00128	L-Aspartic Acid	0	0	35
DB00583	L-Carnitine	0	0	97
DB00155	L-Citrulline	0	0	24
DB00151	L-Cysteine	0	0	33
DB00138	L-Cystine	0	0	9
DB01235	L-DOPA	0	2	211
DB00130	L-Glutamine	0	0	133
DB00117	L-Histidine	0	0	12
DB00167	L-Isoleucine	0	0	13
DB00149	L-Leucine	0	0	22
DB00123	L-Lysine	0	0	19
DB00134	L-Methionine	0	0	27
DB00129	L-Ornithine	0	0	26
DB00120	L-Phenylalanine	0	0	46
DB00172	L-Proline	0	0	23
DB00133	L-Serine	0	0	26
DB00156	L-Threonine	0	0	11
DB00150	L-Tryptophan	0	0	15
DB00135	L-Tyrosine	0	0	19
DB00161	L-Valine	0	0	12
DB08933	LULICONAZOLE	0	0	7
DB00598	Labetalol	1	0	161
DB06218	Lacosamide	1	0	132
DB00581	Lactulose	0	0	30
DB00709	Lamivudine	2	0	248
DB00555	Lamotrigine	1	2	390
DB00448	Lansoprazole	0	0	458
DB01259	Lapatinib	1	0	111
DB04570	Latamoxef	0	0	16
DB00654	Latanoprost	1	0	77
DB01097	Leflunomide	3	0	258
DB00480	Lenalidomide	1	0	517
DB00528	Lercanidipine	0	0	185
DB01006	Letrozole	1	0	181
DB00650	Leucovorin	0	0	70
DB00504	Levallorphan	0	0	7
DB01202	Levetiracetam	1	0	213
DB01210	Levobunolol	1	0	74
DB01002	Levobupivacaine	0	0	232
DB01106	Levocabastine	0	0	29
DB01137	Levofloxacin	0	1	537
DB01227	Levomethadyl Acetate	0	0	33
DB08918	Levomilnacipran	0	0	154
DB06707	Levonordefrin	0	0	18
DB00367	Levonorgestrel	0	1	593
DB00854	Levorphanol	0	0	153
DB00922	Levosimendan	0	0	28
DB00451	Levothyroxine	1	0	111
DB00281	Lidocaine	0	4	188
DB08890	Linaclotide	0	0	7
DB08882	Linagliptin	1	0	45
DB01627	Lincomycin	0	0	66
DB00431	Lindane	0	0	16
DB00601	Linezolid	0	0	145
DB00279	Liothyronine	1	0	39
DB01583	Liotrix	1	0	180
DB00166	Lipoic Acid	0	0	7
DB01255	Lisdexamfetamine	0	1	102
DB00722	Lisinopril	4	0	284
DB00589	Lisuride	0	0	93
DB01356	Lithium	0	1	141
DB04948	Lofexidine	0	0	5
DB00978	Lomefloxacin	0	0	222
DB08827	Lomitapide	0	0	135
DB01206	Lomustine	2	0	51
DB00836	Loperamide	0	0	154
DB01601	Lopinavir	1	0	19
DB00455	Loratadine	3	0	92
DB00186	Lorazepam	0	1	167
DB06725	Lornoxicam	0	0	6
DB00678	Losartan	3	0	227
DB00873	Loteprednol	0	0	36
DB00227	Lovastatin	2	0	354
DB00408	Loxapine	0	1	176
DB01046	Lubiprostone	0	0	92
DB04967	Lucanthone	0	0	7
DB06708	Lumefantrine	0	0	3
DB01283	Lumiracoxib	0	0	11
DB08815	Lurasidone	0	0	161
DB00256	Lymecycline	0	0	9
DB08932	MACITENTAN	0	0	23
DB06795	Mafenide	0	0	41
DB00653	Magnesium Sulfate	0	0	23
DB01397	Magnesium salicylate	0	1	82
DB00772	Malathion	0	0	8
DB00742	Mannitol	0	1	142
DB00934	Maprotiline	0	1	260
DB04835	Maraviroc	0	0	261
DB00786	Marimastat	0	0	24
DB00179	Masoprocol	0	0	12
DB00579	Mazindol	0	0	19
DB00643	Mebendazole	0	0	526
DB00657	Mecamylamine	1	1	48
DB00888	Mechlorethamine	2	0	53
DB00737	Meclizine	0	0	37
DB00939	Meclofenamic acid	0	0	70
DB00603	Medroxyprogesterone Acetate	1	1	456
DB00253	Medrysone	0	0	78
DB00784	Mefenamic acid	0	0	178
DB00358	Mefloquine	0	0	176
DB00351	Megestrol acetate	0	1	24
DB01065	Melatonin	0	0	175
DB00814	Meloxicam	0	5	243
DB01042	Melphalan	4	0	133
DB01043	Memantine	1	1	462
DB00170	Menadione	0	0	525
DB00825	Menthol	0	0	4
DB04843	Mepenzolate	0	0	72
DB01365	Mephentermine	0	0	25
DB00961	Mepivacaine	0	0	83
DB00371	Meprobamate	0	0	68
DB06691	Mepyramine	0	0	20
DB01071	Mequitazine	0	0	36
DB01033	Mercaptopurine	3	0	74
DB00760	Meropenem	0	0	151
DB00244	Mesalazine	2	0	452
DB00933	Mesoridazine	0	1	53
DB01357	Mestranol	0	0	24
DB00610	Metaraminol	0	0	12
DB00660	Metaxalone	0	0	35
DB00331	Metformin	3	0	229
DB06709	Methacholine	0	0	34
DB00931	Methacycline	0	0	9
DB00333	Methadone	0	0	179
DB01433	Methadyl Acetate	0	0	26
DB01577	Methamphetamine	1	2	70
DB00940	Methantheline	0	0	9
DB00703	Methazolamide	1	0	82
DB00902	Methdilazine	0	0	41
DB00763	Methimazole	1	0	52
DB00423	Methocarbamol	0	0	59
DB00474	Methohexital	0	0	48
DB00563	Methotrexate	19	0	520
DB01403	Methotrimeprazine	0	0	82
DB00723	Methoxamine	0	0	6
DB00553	Methoxsalen	3	0	110
DB01028	Methoxyflurane	0	0	29
DB05246	Methsuximide	0	0	61
DB00232	Methyclothiazide	0	0	70
DB00992	Methyl aminolevulinate	0	0	61
DB00968	Methyldopa	1	0	212
DB00353	Methylergometrine	0	1	103
DB06800	Methylnaltrexone	0	0	32
DB00422	Methylphenidate	0	1	346
DB00849	Methylphenobarbital	0	0	25
DB00959	Methylprednisolone	10	3	286
DB00462	Methylscopolamine bromide	0	0	42
DB06710	Methyltestosterone	0	1	111
DB01107	Methyprylon	0	0	5
DB00247	Methysergide	0	0	91
DB01603	Meticillin	0	0	19
DB01214	Metipranolol	1	0	50
DB00340	Metixene	0	0	31
DB01233	Metoclopramide	0	3	141
DB01336	Metocurine	0	0	6
DB00524	Metolazone	1	0	127
DB00264	Metoprolol	1	0	209
DB01578	Metrizamide	0	0	24
DB00916	Metronidazole	0	0	255
DB01011	Metyrapone	0	0	35
DB00765	Metyrosine	0	0	50
DB00379	Mexiletine	0	0	123
DB00948	Mezlocillin	0	0	24
DB06148	Mianserin	0	0	115
DB01141	Micafungin	0	0	175
DB01110	Miconazole	0	0	113
DB00683	Midazolam	1	0	248
DB00211	Midodrine	0	0	81
DB00834	Mifepristone	0	0	130
DB00491	Miglitol	1	0	31
DB00419	Miglustat	0	0	95
DB04896	Milnacipran	0	0	147
DB00235	Milrinone	0	0	25
DB01055	Mimosine	0	0	5
DB00805	Minaprine	0	0	16
DB01017	Minocycline	0	0	21
DB00350	Minoxidil	1	0	8
DB08893	Mirabegron	0	0	88
DB00370	Mirtazapine	0	0	387
DB00929	Misoprostol	0	0	131
DB01252	Mitiglinide	0	0	15
DB00305	Mitomycin	2	0	571
DB00648	Mitotane	0	0	144
DB01204	Mitoxantrone	6	0	695
DB01226	Mivacurium	0	0	36
DB01171	Moclobemide	0	0	146
DB00745	Modafinil	0	4	269
DB00691	Moexipril	1	0	16
DB01618	Molindone	0	0	74
DB00764	Mometasone	3	0	146
DB00600	Monobenzone	0	1	34
DB00471	Montelukast	3	0	146
DB00680	Moricizine	0	0	30
DB00295	Morphine	0	1	341
DB00218	Moxifloxacin	0	1	451
DB00410	Mupirocin	0	0	48
DB00688	Mycophenolate mofetil	3	0	647
DB01024	Mycophenolic acid	2	0	914
DB00141	N-Acetyl-D-glucosamine	0	0	9
DB00486	Nabilone	0	0	160
DB00461	Nabumetone	0	2	143
DB01203	Nadolol	1	0	119
DB00666	Nafarelin	0	0	135
DB00607	Nafcillin	0	0	88
DB00735	Naftifine	0	0	42
DB00844	Nalbuphine	0	0	106
DB00779	Nalidixic Acid	0	0	66
DB01183	Naloxone	0	0	82
DB00704	Naltrexone	1	0	298
DB08804	Nandrolone decanoate	0	0	62
DB00984	Nandrolone phenpropionate	0	0	14
DB06711	Naphazoline	0	0	51
DB00788	Naproxen	1	5	393
DB00952	Naratriptan	0	1	218
DB00826	Natamycin	0	0	16
DB00731	Nateglinide	1	0	81
DB04861	Nebivolol	1	0	55
DB00716	Nedocromil	1	0	65
DB01149	Nefazodone	0	1	313
DB01280	Nelarabine	1	0	170
DB00220	Nelfinavir	1	0	195
DB00994	Neomycin	0	0	32
DB01400	Neostigmine	0	0	96
DB06802	Nepafenac	0	0	90
DB00955	Netilmicin	0	0	2
DB00238	Nevirapine	1	0	132
DB00627	Niacin	2	0	197
DB00622	Nicardipine	1	0	156
DB00699	Nicergoline	0	0	9
DB06803	Niclosamide	0	0	508
DB00184	Nicotine	1	1	229
DB01115	Nifedipine	1	2	345
DB04552	Niflumic Acid	0	0	15
DB04868	Nilotinib	1	0	510
DB00665	Nilutamide	1	0	99
DB06712	Nilvadipine	0	0	23
DB00393	Nimodipine	0	0	81
DB00401	Nisoldipine	1	0	198
DB00507	Nitazoxanide	0	0	111
DB00348	Nitisinone	0	0	65
DB01595	Nitrazepam	0	0	161
DB01054	Nitrendipine	0	0	40
DB00435	Nitric Oxide	0	0	33
DB00336	Nitrofural	0	0	29
DB00698	Nitrofurantoin	0	0	100
DB00727	Nitroglycerin	0	1	128
DB00325	Nitroprusside	0	0	7
DB01422	Nitroxoline	0	0	2
DB00585	Nizatidine	0	0	184
DB06804	Nonoxynol-9	0	0	86
DB06713	Norelgestromin	0	0	18
DB00368	Norepinephrine	0	0	57
DB00717	Norethindrone	0	1	291
DB01059	Norfloxacin	0	0	209
DB00957	Norgestimate	0	0	24
DB00540	Nortriptyline	0	4	257
DB01051	Novobiocin	0	0	20
DB00646	Nystatin	0	0	3
DB00104	Octreotide	1	3	313
DB01165	Ofloxacin	0	1	537
DB00334	Olanzapine	0	4	60
DB00275	Olmesartan	2	0	181
DB00768	Olopatadine	1	0	139
DB01250	Olsalazine	1	0	14
DB00338	Omeprazole	1	4	330
DB00904	Ondansetron	0	1	160
DB00816	Orciprenaline	1	0	74
DB04911	Oritavancin	0	0	57
DB01083	Orlistat	2	0	214
DB01173	Orphenadrine	0	1	99
DB00198	Oseltamivir	0	0	131
DB04938	Ospemifene	0	0	33
DB01092	Ouabain	0	0	513
DB00713	Oxacillin	0	0	77
DB00526	Oxaliplatin	0	0	22
DB01096	Oxamniquine	0	0	1
DB00621	Oxandrolone	0	1	57
DB00991	Oxaprozin	0	2	163
DB00842	Oxazepam	0	0	99
DB00776	Oxcarbazepine	1	2	347
DB00239	Oxiconazole	0	0	32
DB02959	Oxitriptan	0	0	7
DB01580	Oxprenolol	0	0	63
DB01303	Oxtriphylline	0	0	16
DB01428	Oxybenzone	0	0	23
DB00892	Oxybuprocaine	0	0	14
DB01062	Oxybutynin	0	0	248
DB00497	Oxycodone	0	0	325
DB00935	Oxymetazoline	0	1	17
DB01192	Oxymorphone	0	0	131
DB00383	Oxyphencyclimine	0	0	11
DB00219	Oxyphenonium	0	0	10
DB00595	Oxytetracycline	0	0	14
DB01229	Paclitaxel	4	0	662
DB01267	Paliperidone	0	1	390
DB00377	Palonosetron	0	0	134
DB00282	Pamidronate	2	0	196
DB01337	Pancuronium	0	0	39
DB00213	Pantoprazole	0	0	385
DB01113	Papaverine	0	0	52
DB00617	Paramethadione	0	0	8
DB01384	Paramethasone	0	0	35
DB01626	Pargyline	0	0	20
DB00910	Paricalcitol	0	1	206
DB01421	Paromomycin	0	0	22
DB00715	Paroxetine	0	3	901
DB06663	Pasireotide	0	0	62
DB06589	Pazopanib	1	0	404
DB00487	Pefloxacin	0	0	14
DB00642	Pemetrexed	1	0	139
DB00885	Pemirolast	0	0	17
DB01359	Penbutolol	2	0	55
DB00299	Penciclovir	0	0	73
DB00859	Penicillamine	1	0	130
DB00417	Penicillin V	0	0	93
DB00183	Pentagastrin	0	0	7
DB00738	Pentamidine	0	0	311
DB00652	Pentazocine	0	0	83
DB00312	Pentobarbital	0	0	83
DB01090	Pentolinium	0	0	3
DB00686	Pentosan Polysulfate	0	0	93
DB00552	Pentostatin	1	0	191
DB00806	Pentoxifylline	2	0	134
DB06614	Peramivir	0	0	1
DB00556	Perflutren	0	0	146
DB01186	Pergolide	0	2	370
DB01074	Perhexiline	0	0	555
DB00790	Perindopril	2	0	259
DB04930	Permethrin	0	0	25
DB00850	Perphenazine	0	1	247
DB00454	Pethidine	0	0	120
DB01121	Phenacemide	0	0	27
DB01438	Phenazopyridine	0	0	37
DB01579	Phendimetrazine	1	0	40
DB00780	Phenelzine	0	0	119
DB00914	Phenformin	0	0	19
DB01619	Phenindamine	0	0	16
DB00498	Phenindione	0	0	29
DB01620	Pheniramine	0	0	40
DB00830	Phenmetrazine	0	0	7
DB01174	Phenobarbital	1	0	128
DB03255	Phenol	0	0	19
DB00925	Phenoxybenzamine	0	0	71
DB00946	Phenprocoumon	0	0	28
DB00832	Phensuximide	0	0	25
DB00191	Phentermine	1	0	83
DB00692	Phentolamine	0	1	57
DB00812	Phenylbutazone	0	0	29
DB00388	Phenylephrine	0	0	105
DB00397	Phenylpropanolamine	1	0	83
DB00252	Phenytoin	1	0	359
DB00144	Phosphatidylserine	0	0	10
DB01022	Phylloquinone	0	0	34
DB00981	Physostigmine	1	0	9
DB01085	Pilocarpine	1	1	226
DB00337	Pimecrolimus	1	0	132
DB01100	Pimozide	0	1	223
DB00960	Pindolol	1	0	199
DB01132	Pioglitazone	1	0	139
DB08796	Pipazethate	0	0	18
DB01338	Pipecuronium	0	0	10
DB00319	Piperacillin	0	0	151
DB00592	Piperazine	0	0	2
DB01621	Pipotiazine	0	0	40
DB01291	Pirbuterol	1	0	69
DB00670	Pirenzepine	0	0	18
DB00554	Piroxicam	0	3	17
DB08860	Pitavastatin	1	0	512
DB01604	Pivampicillin	0	0	22
DB01605	Pivmecillinam	0	0	5
DB06809	Plerixafor	0	0	64
DB01179	Podofilox	0	0	530
DB06811	Polidocanol	0	0	7
DB00781	Polymyxin B Sulfate	0	0	30
DB01324	Polythiazide	0	0	53
DB08910	Pomalidomide	0	0	118
DB08901	Ponatinib	0	0	491
DB00707	Porfimer	0	1	5
DB01263	Posaconazole	0	0	464
DB09015	Potassium Canrenoate	0	0	68
DB00761	Potassium Chloride	0	0	60
DB06715	Potassium Iodide	0	0	123
DB01297	Practolol	0	0	16
DB06813	Pralatrexate	0	0	49
DB00733	Pralidoxime	0	0	31
DB00413	Pramipexole	0	2	666
DB01411	Pranlukast	0	0	11
DB06209	Prasugrel	0	0	75
DB00175	Pravastatin	2	0	212
DB01588	Prazepam	0	0	49
DB01058	Praziquantel	0	0	59
DB00457	Prazosin	1	0	90
DB01130	Prednicarbate	0	0	68
DB00860	Prednisolone	13	1	207
DB00635	Prednisone	15	2	321
DB00230	Pregabalin	1	3	849
DB00750	Prilocaine	0	0	100
DB01087	Primaquine	0	0	21
DB00794	Primidone	1	0	75
DB01032	Probenecid	1	0	74
DB01599	Probucol	0	0	3
DB01035	Procainamide	0	0	117
DB00721	Procaine	0	0	97
DB01168	Procarbazine	2	0	147
DB01366	Procaterol	0	0	85
DB00433	Prochlorperazine	0	1	202
DB00387	Procyclidine	0	1	22
DB01123	Proflavine	0	0	1
DB00837	Progabide	0	0	3
DB00396	Progesterone	1	0	391
DB01131	Proguanil	1	0	38
DB00420	Promazine	0	0	97
DB01069	Promethazine	0	0	158
DB01182	Propafenone	0	0	361
DB00782	Propantheline	1	0	51
DB00807	Proparacaine	0	0	36
DB01608	Propericiazine	0	0	123
DB00777	Propiomazine	0	0	48
DB00818	Propofol	1	0	207
DB00571	Propranolol	2	0	162
DB06714	Propylhexedrine	0	0	2
DB00550	Propylthiouracil	1	0	79
DB00344	Protriptyline	0	0	150
DB00852	Pseudoephedrine	0	2	88
DB00339	Pyrazinamide	0	0	54
DB00545	Pyridostigmine	0	0	92
DB00147	Pyridoxal	0	0	2
DB00165	Pyridoxine	0	0	9
DB00205	Pyrimethamine	1	0	75
DB00119	Pyruvic acid	0	0	19
DB01589	Quazepam	0	1	49
DB01224	Quetiapine	0	4	522
DB01103	Quinacrine	0	0	513
DB00881	Quinapril	1	0	117
DB04575	Quinestrol	0	0	17
DB01325	Quinethazone	0	0	19
DB00908	Quinidine	1	0	210
DB01346	Quinidine barbiturate	1	0	233
DB00468	Quinine	1	0	201
DB01369	Quinupristin	0	0	2
DB01129	Rabeprazole	0	0	352
DB08913	Radium Ra 223 Dichloride	0	0	21
DB00481	Raloxifene	2	0	608
DB06817	Raltegravir	0	0	277
DB00293	Raltitrexed	0	0	73
DB00980	Ramelteon	0	1	29
DB00178	Ramipril	4	0	227
DB00863	Ranitidine	0	0	125
DB00243	Ranolazine	0	0	137
DB01367	Rasagiline	0	1	296
DB00234	Reboxetine	0	0	199
DB06213	Regadenoson	0	0	136
DB08896	Regorafenib	0	0	118
DB00899	Remifentanil	0	0	157
DB00212	Remikiren	0	0	2
DB00409	Remoxipride	0	0	46
DB00912	Repaglinide	1	0	76
DB01180	Rescinnamine	0	0	86
DB00206	Reserpine	1	0	215
DB01256	Retapamulin	0	0	2
DB00811	Ribavirin	0	0	478
DB00140	Riboflavin	0	0	13
DB01207	Ridogrel	0	0	5
DB00615	Rifabutin	0	0	93
DB01045	Rifampicin	1	0	32
DB01201	Rifapentine	0	0	15
DB01220	Rifaximin	0	0	150
DB08864	Rilpivirine	0	0	87
DB00740	Riluzole	1	0	438
DB00478	Rimantadine	0	0	70
DB00896	Rimexolone	0	0	82
DB06155	Rimonabant	0	0	91
DB00884	Risedronate	2	0	174
DB00734	Risperidone	0	5	701
DB00867	Ritodrine	0	0	25
DB00503	Ritonavir	1	0	381
DB06228	Rivaroxaban	0	0	131
DB00989	Rivastigmine	1	1	492
DB00953	Rizatriptan	0	1	187
DB00728	Rocuronium	0	0	43
DB01656	Roflumilast	1	0	75
DB01301	Rolitetracycline	0	0	10
DB00268	Ropinirole	0	3	718
DB00296	Ropivacaine	0	0	289
DB00412	Rosiglitazone	1	0	150
DB00817	Rosoxacin	0	0	5
DB01098	Rosuvastatin	2	0	133
DB05271	Rotigotine	0	1	139
DB08806	Roxatidine acetate	0	0	13
DB00778	Roxithromycin	0	0	88
DB06201	Rufinamide	1	0	104
DB08877	Ruxolitinib	1	0	230
DB00118	S-Adenosylmethionine	0	0	21
DB06290	SIMEPREVIR	0	0	35
DB01001	Salbutamol	2	1	238
DB08797	Salicylamide	0	0	13
DB01398	Salicylate-sodium	0	1	152
DB00936	Salicylic acid	0	1	79
DB00938	Salmeterol	1	0	211
DB01399	Salsalate	0	1	51
DB01347	Saprisartan	0	0	1
DB01232	Saquinavir	1	0	416
DB06335	Saxagliptin	0	0	67
DB00747	Scopolamine	0	0	101
DB00418	Secobarbital	0	0	66
DB01037	Selegiline	0	3	476
DB01153	Sertaconazole	0	0	19
DB06144	Sertindole	0	0	38
DB01104	Sertraline	0	4	510
DB00658	Sevelamer	0	0	29
DB01236	Sevoflurane	0	0	166
DB01105	Sibutramine	1	0	385
DB00203	Sildenafil	0	3	369
DB06207	Silodosin	0	0	63
DB05245	Silver sulfadiazine	0	0	18
DB00641	Simvastatin	2	0	574
DB00877	Sirolimus	0	0	845
DB01261	Sitagliptin	1	0	183
DB06268	Sitaxentan	0	0	422
DB00464	Sodium Tetradecyl Sulfate	0	0	21
DB01390	Sodium bicarbonate	0	0	121
DB00815	Sodium lauryl sulfate	0	0	114
DB05630	Sodium stibogluconate	0	0	112
DB08934	Sofosbuvir	0	0	68
DB01591	Solifenacin	0	1	101
DB00398	Sorafenib	3	0	562
DB00489	Sotalol	0	0	144
DB08835	Spaglumic Acid	0	0	7
DB01208	Sparfloxacin	0	0	262
DB00919	Spectinomycin	0	0	13
DB00127	Spermine	0	0	15
DB01348	Spirapril	0	0	15
DB00421	Spironolactone	2	0	94
DB06718	Stanozolol	0	0	22
DB00649	Stavudine	1	0	157
DB01423	Stepronin	0	0	1
DB01082	Streptomycin	0	0	31
DB00428	Streptozocin	0	0	69
DB00566	Succimer	0	0	62
DB00139	Succinic acid	0	0	31
DB00202	Succinylcholine	0	0	56
DB00364	Sucralfate	0	0	18
DB00708	Sufentanil	0	0	46
DB00634	Sulfacetamide	0	0	56
DB01298	Sulfacytine	0	0	17
DB00359	Sulfadiazine	1	0	103
DB06150	Sulfadimethoxine	0	0	28
DB01299	Sulfadoxine	0	0	39
DB01581	Sulfamerazine	0	0	21
DB01582	Sulfamethazine	0	0	18
DB00576	Sulfamethizole	0	0	39
DB01015	Sulfamethoxazole	0	0	152
DB00664	Sulfametopyrazine	0	0	18
DB08798	Sulfamoxole	0	0	18
DB00259	Sulfanilamide	0	0	32
DB06729	Sulfaphenazole	0	0	24
DB00891	Sulfapyridine	0	0	26
DB00795	Sulfasalazine	4	0	32
DB06147	Sulfathiazole	0	0	38
DB01138	Sulfinpyrazone	0	0	25
DB00263	Sulfisoxazole	0	0	22
DB01145	Sulfoxone	0	0	1
DB00605	Sulindac	0	1	157
DB00391	Sulpiride	0	0	20
DB00669	Sumatriptan	0	1	439
DB01268	Sunitinib	2	0	541
DB00870	Suprofen	0	0	47
DB04786	Suramin	0	0	61
DB00864	Tacrolimus	1	0	604
DB00820	Tadalafil	0	1	160
DB08819	Tafluprost	0	0	51
DB00306	Talbutal	0	0	33
DB04942	Tamibarotene	0	0	16
DB00675	Tamoxifen	2	0	428
DB00706	Tamsulosin	0	1	134
DB06204	Tapentadol	0	0	140
DB01349	Tasosartan	0	0	10
DB08834	Tauroursodeoxycholic acid	0	0	4
DB00799	Tazarotene	1	0	52
DB01606	Tazobactam	0	0	1
DB05521	Telaprevir	0	0	84
DB06402	Telavancin	0	0	24
DB01265	Telbivudine	1	0	114
DB00976	Telithromycin	0	0	170
DB00966	Telmisartan	2	0	222
DB00231	Temazepam	0	0	149
DB00853	Temozolomide	4	0	256
DB06287	Temsirolimus	1	0	686
DB00444	Teniposide	3	0	585
DB00300	Tenofovir	0	0	139
DB00469	Tenoxicam	0	0	74
DB01162	Terazosin	1	0	141
DB00857	Terbinafine	0	0	400
DB00871	Terbutaline	1	0	46
DB00251	Terconazole	0	0	35
DB02638	Terlipressin	0	0	61
DB00894	Testolactone	0	0	45
DB00624	Testosterone	0	1	529
DB01420	Testosterone Propionate	0	1	194
DB04844	Tetrabenazine	0	0	100
DB00759	Tetracycline	0	0	17
DB00360	Tetrahydrobiopterin	0	0	71
DB00116	Tetrahydrofolic acid	0	0	18
DB01041	Thalidomide	2	0	439
DB01412	Theobromine	0	0	17
DB00277	Theophylline	1	0	118
DB00730	Thiabendazole	0	0	73
DB00152	Thiamine	0	0	27
DB01154	Thiamylal	0	0	28
DB00599	Thiopental	0	0	24
DB01622	Thioproperazine	0	0	71
DB00679	Thioridazine	0	1	655
DB04572	Thiotepa	4	0	228
DB01623	Thiothixene	0	1	219
DB00906	Tiagabine	0	1	294
DB01600	Tiaprofenic acid	0	0	125
DB08816	Ticagrelor	1	0	133
DB01607	Ticarcillin	0	0	52
DB00208	Ticlopidine	0	0	98
DB00560	Tigecycline	0	0	9
DB01133	Tiludronate	1	0	24
DB00373	Timolol	4	0	237
DB00911	Tinidazole	0	0	100
DB01007	Tioconazole	0	0	16
DB00352	Tioguanine	1	0	38
DB01409	Tiotropium	2	0	122
DB00932	Tipranavir	0	0	5
DB00775	Tirofiban	1	0	37
DB00697	Tizanidine	0	2	254
DB00684	Tobramycin	0	0	187
DB01056	Tocainide	0	0	24
DB08811	Tofisopam	0	0	8
DB00839	Tolazamide	1	0	56
DB00797	Tolazoline	0	1	23
DB01124	Tolbutamide	1	0	67
DB00323	Tolcapone	0	1	283
DB00500	Tolmetin	0	3	75
DB00525	Tolnaftate	0	0	10
DB01036	Tolterodine	0	1	75
DB06212	Tolvaptan	0	0	82
DB00273	Topiramate	3	1	573
DB01030	Topotecan	4	0	622
DB00214	Torasemide	1	1	74
DB00539	Toremifene	1	0	233
DB05109	Trabectedin	0	0	102
DB00193	Tramadol	0	1	663
DB08911	Trametinib	0	0	442
DB00519	Trandolapril	2	0	217
DB00302	Tranexamic Acid	0	0	107
DB00752	Tranylcypromine	0	0	111
DB00287	Travoprost	1	0	194
DB00656	Trazodone	0	3	247
DB00374	Treprostinil	0	0	578
DB00755	Tretinoin	1	0	668
DB00620	Triamcinolone	12	1	293
DB00384	Triamterene	1	0	42
DB00897	Triazolam	0	0	157
DB01021	Trichlormethiazide	0	0	41
DB08604	Triclosan	0	0	128
DB00831	Trifluoperazine	0	1	252
DB00508	Triflupromazine	0	0	97
DB00432	Trifluridine	0	0	53
DB00376	Trihexyphenidyl	0	1	56
DB01108	Trilostane	0	0	12
DB00347	Trimethadione	1	0	76
DB01116	Trimethaphan	0	0	15
DB00662	Trimethobenzamide	0	0	26
DB00440	Trimethoprim	0	0	128
DB01157	Trimetrexate	0	0	28
DB00726	Trimipramine	0	0	173
DB04571	Trioxsalen	0	0	21
DB00792	Tripelennamine	0	0	36
DB00427	Triprolidine	0	1	14
DB01401	Trisalicylate-choline	0	2	73
DB01361	Troleandomycin	0	0	17
DB00809	Tropicamide	0	0	55
DB00209	Trospium	0	0	141
DB00685	Trovafloxacin	0	0	218
DB01199	Tubocurarine	0	0	39
DB06439	Tyloxapol	0	0	1
DB08803	Tymazoline	0	0	3
DB06267	Udenafil	0	0	5
DB00791	Uracil mustard	0	0	1
DB01586	Ursodeoxycholic acid	1	0	249
DB00577	Valaciclovir	0	0	148
DB01610	Valganciclovir	0	0	227
DB00313	Valproic Acid	2	3	362
DB00385	Valrubicin	1	0	58
DB00177	Valsartan	3	0	132
DB00512	Vancomycin	0	0	96
DB05294	Vandetanib	1	0	272
DB04894	Vapreotide	0	0	13
DB00862	Vardenafil	0	0	179
DB01273	Varenicline	1	0	746
DB01339	Vecuronium	0	0	55
DB08881	Vemurafenib	2	0	548
DB00285	Venlafaxine	0	2	602
DB00661	Verapamil	2	0	193
DB00460	Verteporfin	0	0	119
DB00194	Vidarabine	0	0	138
DB01080	Vigabatrin	1	0	234
DB06684	Vilazodone	0	1	73
DB04876	Vildagliptin	0	0	45
DB00570	Vinblastine	7	0	594
DB00541	Vincristine	7	0	453
DB00309	Vindesine	0	0	54
DB00361	Vinorelbine	4	0	396
DB06827	Viomycin	0	0	3
DB08828	Vismodegib	1	0	71
DB00162	Vitamin A	0	0	109
DB00126	Vitamin C	1	0	24
DB00163	Vitamin E	0	0	27
DB04877	Voacamine	0	0	8
DB04878	Voglibose	0	0	3
DB00582	Voriconazole	0	0	426
DB02546	Vorinostat	1	0	580
DB05389	WF10	1	0	13
DB00682	Warfarin	0	0	29
DB00137	Xanthophyll	0	0	1
DB04898	Ximelagatran	0	0	2
DB06694	Xylometazoline	0	0	12
DB01392	Yohimbine	0	0	23
DB00549	Zafirlukast	1	0	93
DB00943	Zalcitabine	0	0	363
DB00962	Zaleplon	0	0	302
DB00558	Zanamivir	0	0	72
DB00495	Zidovudine	1	0	224
DB00744	Zileuton	1	0	72
DB01593	Zinc	0	0	3
DB00246	Ziprasidone	0	3	429
DB00399	Zoledronate	2	0	246
DB00315	Zolmitriptan	0	1	280
DB00425	Zolpidem	0	1	346
DB00909	Zonisamide	1	0	314
DB01198	Zopiclone	0	2	284
DB01624	Zuclopenthixol	0	0	224
