compound_id	compound_name	disease_id	disease_name	rel_type
DB01048	Abacavir	DOID:635	acquired immunodeficiency syndrome	TREATS_CtD
DB05812	Abiraterone	DOID:10283	prostate cancer	TREATS_CtD
DB00659	Acamprosate	DOID:0050741	alcohol dependence	TREATS_CtD
DB00284	Acarbose	DOID:9352	type 2 diabetes mellitus	TREATS_CtD
DB01193	Acebutolol	DOID:10763	hypertension	TREATS_CtD
DB00316	Acetaminophen	DOID:6364	migraine	PALLIATES_CpD
DB00316	Acetaminophen	DOID:8398	osteoarthritis	PALLIATES_CpD
DB00819	Acetazolamide	DOID:1826	epilepsy syndrome	TREATS_CtD
DB00819	Acetazolamide	DOID:1686	glaucoma	TREATS_CtD
DB01063	Acetophenazine	DOID:5419	schizophrenia	PALLIATES_CpD
DB06151	Acetylcysteine	DOID:3083	chronic obstructive pulmonary disease	PALLIATES_CpD
DB00945	Acetylsalicylic acid	DOID:13378	Kawasaki disease	TREATS_CtD
DB00945	Acetylsalicylic acid	DOID:3393	coronary artery disease	TREATS_CtD
DB00945	Acetylsalicylic acid	DOID:13189	gout	PALLIATES_CpD
DB00945	Acetylsalicylic acid	DOID:6364	migraine	PALLIATES_CpD
DB00945	Acetylsalicylic acid	DOID:8398	osteoarthritis	PALLIATES_CpD
DB00945	Acetylsalicylic acid	DOID:7148	rheumatoid arthritis	PALLIATES_CpD
DB00945	Acetylsalicylic acid	DOID:9074	systemic lupus erythematosus	PALLIATES_CpD
DB00459	Acitretin	DOID:8893	psoriasis	TREATS_CtD
DB00718	Adefovir Dipivoxil	DOID:2043	hepatitis B	TREATS_CtD
DB00630	Alendronate	DOID:5408	Paget's disease of bone	TREATS_CtD
DB00630	Alendronate	DOID:11476	osteoporosis	TREATS_CtD
DB00523	Alitretinoin	DOID:2531	hematologic cancer	TREATS_CtD
DB00523	Alitretinoin	DOID:1192	peripheral nervous system neoplasm	TREATS_CtD
DB00437	Allopurinol	DOID:13189	gout	TREATS_CtD
DB00918	Almotriptan	DOID:6364	migraine	PALLIATES_CpD
DB00404	Alprazolam	DOID:594	panic disorder	PALLIATES_CpD
DB00404	Alprazolam	DOID:418	systemic scleroderma	PALLIATES_CpD
DB00488	Altretamine	DOID:2394	ovarian cancer	TREATS_CtD
DB00915	Amantadine	DOID:14330	Parkinson's disease	PALLIATES_CpD
DB00915	Amantadine	DOID:2377	multiple sclerosis	PALLIATES_CpD
DB00594	Amiloride	DOID:10763	hypertension	TREATS_CtD
DB01223	Aminophylline	DOID:2841	asthma	TREATS_CtD
DB01223	Aminophylline	DOID:3083	chronic obstructive pulmonary disease	TREATS_CtD
DB00321	Amitriptyline	DOID:1595	endogenous depression	PALLIATES_CpD
DB00321	Amitriptyline	DOID:6364	migraine	TREATS_CtD
DB00321	Amitriptyline	DOID:2377	multiple sclerosis	PALLIATES_CpD
DB00321	Amitriptyline	DOID:7148	rheumatoid arthritis	PALLIATES_CpD
DB00321	Amitriptyline	DOID:9074	systemic lupus erythematosus	PALLIATES_CpD
DB00381	Amlodipine	DOID:3393	coronary artery disease	PALLIATES_CpD
DB00381	Amlodipine	DOID:10763	hypertension	TREATS_CtD
DB01351	Amobarbital	DOID:1826	epilepsy syndrome	TREATS_CtD
DB00182	Amphetamine	DOID:1094	attention deficit hyperactivity disorder	PALLIATES_CpD
DB00182	Amphetamine	DOID:8986	narcolepsy	PALLIATES_CpD
DB00701	Amprenavir	DOID:635	acquired immunodeficiency syndrome	TREATS_CtD
DB01427	Amrinone	DOID:12930	dilated cardiomyopathy	PALLIATES_CpD
DB00261	Anagrelide	DOID:2531	hematologic cancer	TREATS_CtD
DB01217	Anastrozole	DOID:1612	breast cancer	TREATS_CtD
DB01435	Antipyrine	DOID:6364	migraine	PALLIATES_CpD
DB00714	Apomorphine	DOID:14330	Parkinson's disease	PALLIATES_CpD
DB00964	Apraclonidine	DOID:1686	glaucoma	TREATS_CtD
DB00673	Aprepitant	DOID:1612	breast cancer	PALLIATES_CpD
DB00673	Aprepitant	DOID:219	colon cancer	PALLIATES_CpD
DB01274	Arformoterol	DOID:2841	asthma	TREATS_CtD
DB01274	Arformoterol	DOID:3083	chronic obstructive pulmonary disease	TREATS_CtD
DB01238	Aripiprazole	DOID:12849	autistic disorder	PALLIATES_CpD
DB01238	Aripiprazole	DOID:3312	bipolar disorder	PALLIATES_CpD
DB01238	Aripiprazole	DOID:1595	endogenous depression	PALLIATES_CpD
DB01238	Aripiprazole	DOID:5419	schizophrenia	PALLIATES_CpD
DB06697	Artemether	DOID:12365	malaria	TREATS_CtD
DB00289	Atomoxetine	DOID:1094	attention deficit hyperactivity disorder	PALLIATES_CpD
DB00289	Atomoxetine	DOID:12849	autistic disorder	PALLIATES_CpD
DB01076	Atorvastatin	DOID:3393	coronary artery disease	TREATS_CtD
DB01076	Atorvastatin	DOID:10763	hypertension	TREATS_CtD
DB00572	Atropine	DOID:8778	Crohn's disease	PALLIATES_CpD
DB00572	Atropine	DOID:14330	Parkinson's disease	PALLIATES_CpD
DB00995	Auranofin	DOID:9008	psoriatic arthritis	TREATS_CtD
DB00995	Auranofin	DOID:7148	rheumatoid arthritis	TREATS_CtD
DB00993	Azathioprine	DOID:8778	Crohn's disease	TREATS_CtD
DB00993	Azathioprine	DOID:2377	multiple sclerosis	TREATS_CtD
DB00993	Azathioprine	DOID:7148	rheumatoid arthritis	TREATS_CtD
DB00993	Azathioprine	DOID:9074	systemic lupus erythematosus	TREATS_CtD
DB00993	Azathioprine	DOID:418	systemic scleroderma	TREATS_CtD
DB00993	Azathioprine	DOID:8577	ulcerative colitis	TREATS_CtD
DB00181	Baclofen	DOID:2377	multiple sclerosis	PALLIATES_CpD
DB01014	Balsalazide	DOID:8778	Crohn's disease	TREATS_CtD
DB01014	Balsalazide	DOID:8577	ulcerative colitis	TREATS_CtD
DB00394	Beclomethasone	DOID:2841	asthma	TREATS_CtD
DB00394	Beclomethasone	DOID:8893	psoriasis	TREATS_CtD
DB00542	Benazepril	DOID:10763	hypertension	TREATS_CtD
DB00436	Bendroflumethiazide	DOID:10763	hypertension	TREATS_CtD
DB00245	Benzatropine	DOID:10652	Alzheimer's disease	PALLIATES_CpD
DB00245	Benzatropine	DOID:14330	Parkinson's disease	PALLIATES_CpD
DB00245	Benzatropine	DOID:12849	autistic disorder	PALLIATES_CpD
DB00245	Benzatropine	DOID:5419	schizophrenia	PALLIATES_CpD
DB00865	Benzphetamine	DOID:9970	obesity	TREATS_CtD
DB01244	Bepridil	DOID:10763	hypertension	TREATS_CtD
DB00443	Betamethasone	DOID:4481	allergic rhinitis	TREATS_CtD
DB00443	Betamethasone	DOID:7147	ankylosing spondylitis	TREATS_CtD
DB00443	Betamethasone	DOID:2841	asthma	TREATS_CtD
DB00443	Betamethasone	DOID:3310	atopic dermatitis	TREATS_CtD
DB00443	Betamethasone	DOID:1319	brain cancer	PALLIATES_CpD
DB00443	Betamethasone	DOID:1612	breast cancer	PALLIATES_CpD
DB00443	Betamethasone	DOID:219	colon cancer	PALLIATES_CpD
DB00443	Betamethasone	DOID:2531	hematologic cancer	TREATS_CtD
DB00443	Betamethasone	DOID:263	kidney cancer	PALLIATES_CpD
DB00443	Betamethasone	DOID:2377	multiple sclerosis	TREATS_CtD
DB00443	Betamethasone	DOID:10283	prostate cancer	PALLIATES_CpD
DB00443	Betamethasone	DOID:8893	psoriasis	TREATS_CtD
DB00443	Betamethasone	DOID:9008	psoriatic arthritis	TREATS_CtD
DB00443	Betamethasone	DOID:7148	rheumatoid arthritis	TREATS_CtD
DB00443	Betamethasone	DOID:9074	systemic lupus erythematosus	TREATS_CtD
DB00443	Betamethasone	DOID:8577	ulcerative colitis	TREATS_CtD
DB00195	Betaxolol	DOID:1686	glaucoma	TREATS_CtD
DB00195	Betaxolol	DOID:10763	hypertension	TREATS_CtD
DB00307	Bexarotene	DOID:2531	hematologic cancer	TREATS_CtD
DB01128	Bicalutamide	DOID:10283	prostate cancer	TREATS_CtD
DB00905	Bimatoprost	DOID:1686	glaucoma	TREATS_CtD
DB00810	Biperiden	DOID:14330	Parkinson's disease	PALLIATES_CpD
DB00290	Bleomycin	DOID:2994	germ cell cancer	TREATS_CtD
DB00290	Bleomycin	DOID:2531	hematologic cancer	TREATS_CtD
DB00290	Bleomycin	DOID:0060073	lymphatic system cancer	TREATS_CtD
DB00290	Bleomycin	DOID:1909	melanoma	TREATS_CtD
DB00290	Bleomycin	DOID:4159	skin cancer	TREATS_CtD
DB00290	Bleomycin	DOID:2998	testicular cancer	TREATS_CtD
DB00188	Bortezomib	DOID:2531	hematologic cancer	TREATS_CtD
DB00484	Brimonidine	DOID:1686	glaucoma	TREATS_CtD
DB01194	Brinzolamide	DOID:1686	glaucoma	TREATS_CtD
DB01200	Bromocriptine	DOID:14330	Parkinson's disease	PALLIATES_CpD
DB01200	Bromocriptine	DOID:9352	type 2 diabetes mellitus	TREATS_CtD
DB01222	Budesonide	DOID:2841	asthma	TREATS_CtD
DB01222	Budesonide	DOID:8577	ulcerative colitis	TREATS_CtD
DB00887	Bumetanide	DOID:784	chronic kidney failure	PALLIATES_CpD
DB00887	Bumetanide	DOID:10763	hypertension	TREATS_CtD
DB01156	Bupropion	DOID:1094	attention deficit hyperactivity disorder	PALLIATES_CpD
DB01156	Bupropion	DOID:9970	obesity	TREATS_CtD
DB01156	Bupropion	DOID:594	panic disorder	PALLIATES_CpD
DB00490	Buspirone	DOID:594	panic disorder	PALLIATES_CpD
DB01008	Busulfan	DOID:2531	hematologic cancer	TREATS_CtD
DB00241	Butalbital	DOID:6364	migraine	PALLIATES_CpD
DB06772	Cabazitaxel	DOID:10283	prostate cancer	TREATS_CtD
DB00248	Cabergoline	DOID:14330	Parkinson's disease	PALLIATES_CpD
DB00201	Caffeine	DOID:6364	migraine	PALLIATES_CpD
DB02300	Calcipotriol	DOID:8893	psoriasis	TREATS_CtD
DB00136	Calcitriol	DOID:784	chronic kidney failure	PALLIATES_CpD
DB00136	Calcitriol	DOID:11476	osteoporosis	TREATS_CtD
DB00136	Calcitriol	DOID:8893	psoriasis	TREATS_CtD
DB00258	Calcium Acetate	DOID:784	chronic kidney failure	PALLIATES_CpD
DB00258	Calcium Acetate	DOID:11476	osteoporosis	TREATS_CtD
DB00796	Candesartan	DOID:10763	hypertension	TREATS_CtD
DB01101	Capecitabine	DOID:1612	breast cancer	TREATS_CtD
DB01101	Capecitabine	DOID:219	colon cancer	TREATS_CtD
DB01101	Capecitabine	DOID:5041	esophageal cancer	TREATS_CtD
DB01101	Capecitabine	DOID:263	kidney cancer	TREATS_CtD
DB01101	Capecitabine	DOID:10283	prostate cancer	TREATS_CtD
DB01101	Capecitabine	DOID:10534	stomach cancer	TREATS_CtD
DB01197	Captopril	DOID:3393	coronary artery disease	TREATS_CtD
DB01197	Captopril	DOID:10763	hypertension	TREATS_CtD
DB01197	Captopril	DOID:418	systemic scleroderma	TREATS_CtD
DB00411	Carbachol	DOID:1686	glaucoma	TREATS_CtD
DB00564	Carbamazepine	DOID:3312	bipolar disorder	PALLIATES_CpD
DB00564	Carbamazepine	DOID:1826	epilepsy syndrome	TREATS_CtD
DB00564	Carbamazepine	DOID:2377	multiple sclerosis	PALLIATES_CpD
DB00564	Carbamazepine	DOID:0050425	restless legs syndrome	PALLIATES_CpD
DB00564	Carbamazepine	DOID:5419	schizophrenia	PALLIATES_CpD
DB00190	Carbidopa	DOID:14330	Parkinson's disease	PALLIATES_CpD
DB00190	Carbidopa	DOID:0050425	restless legs syndrome	PALLIATES_CpD
DB00958	Carboplatin	DOID:184	bone cancer	TREATS_CtD
DB00958	Carboplatin	DOID:1319	brain cancer	TREATS_CtD
DB00958	Carboplatin	DOID:1612	breast cancer	TREATS_CtD
DB00958	Carboplatin	DOID:5041	esophageal cancer	TREATS_CtD
DB00958	Carboplatin	DOID:2174	ocular cancer	TREATS_CtD
DB00958	Carboplatin	DOID:2394	ovarian cancer	TREATS_CtD
DB00958	Carboplatin	DOID:2998	testicular cancer	TREATS_CtD
DB00958	Carboplatin	DOID:11054	urinary bladder cancer	TREATS_CtD
DB00958	Carboplatin	DOID:363	uterine cancer	TREATS_CtD
DB00262	Carmustine	DOID:1319	brain cancer	TREATS_CtD
DB00262	Carmustine	DOID:2531	hematologic cancer	TREATS_CtD
DB00262	Carmustine	DOID:0060073	lymphatic system cancer	TREATS_CtD
DB00262	Carmustine	DOID:3070	malignant glioma	TREATS_CtD
DB00262	Carmustine	DOID:1909	melanoma	TREATS_CtD
DB00521	Carteolol	DOID:1686	glaucoma	TREATS_CtD
DB01136	Carvedilol	DOID:10763	hypertension	TREATS_CtD
DB00482	Celecoxib	DOID:7147	ankylosing spondylitis	PALLIATES_CpD
DB00482	Celecoxib	DOID:219	colon cancer	PALLIATES_CpD
DB00482	Celecoxib	DOID:2531	hematologic cancer	PALLIATES_CpD
DB00482	Celecoxib	DOID:263	kidney cancer	PALLIATES_CpD
DB00482	Celecoxib	DOID:8398	osteoarthritis	PALLIATES_CpD
DB00482	Celecoxib	DOID:10283	prostate cancer	PALLIATES_CpD
DB00482	Celecoxib	DOID:7148	rheumatoid arthritis	PALLIATES_CpD
DB00482	Celecoxib	DOID:9074	systemic lupus erythematosus	PALLIATES_CpD
DB00482	Celecoxib	DOID:418	systemic scleroderma	PALLIATES_CpD
DB00341	Cetirizine	DOID:4481	allergic rhinitis	TREATS_CtD
DB06777	Chenodeoxycholic acid	DOID:12236	primary biliary cirrhosis	TREATS_CtD
DB00291	Chlorambucil	DOID:1612	breast cancer	TREATS_CtD
DB00291	Chlorambucil	DOID:2531	hematologic cancer	TREATS_CtD
DB00291	Chlorambucil	DOID:2394	ovarian cancer	TREATS_CtD
DB00291	Chlorambucil	DOID:2998	testicular cancer	TREATS_CtD
DB00475	Chlordiazepoxide	DOID:0050741	alcohol dependence	PALLIATES_CpD
DB00880	Chlorothiazide	DOID:10763	hypertension	TREATS_CtD
DB00477	Chlorpromazine	DOID:3312	bipolar disorder	PALLIATES_CpD
DB00477	Chlorpromazine	DOID:12995	conduct disorder	PALLIATES_CpD
DB00477	Chlorpromazine	DOID:5419	schizophrenia	PALLIATES_CpD
DB00672	Chlorpropamide	DOID:9352	type 2 diabetes mellitus	TREATS_CtD
DB00310	Chlorthalidone	DOID:10763	hypertension	TREATS_CtD
DB00169	Cholecalciferol	DOID:784	chronic kidney failure	PALLIATES_CpD
DB00169	Cholecalciferol	DOID:11476	osteoporosis	TREATS_CtD
DB00169	Cholecalciferol	DOID:8893	psoriasis	TREATS_CtD
DB00169	Cholecalciferol	DOID:8577	ulcerative colitis	TREATS_CtD
DB00122	Choline	DOID:8398	osteoarthritis	PALLIATES_CpD
DB01410	Ciclesonide	DOID:2841	asthma	TREATS_CtD
DB01166	Cilostazol	DOID:418	systemic scleroderma	PALLIATES_CpD
DB00501	Cimetidine	DOID:9970	obesity	TREATS_CtD
DB01012	Cinacalcet	DOID:784	chronic kidney failure	PALLIATES_CpD
DB00537	Ciprofloxacin	DOID:3083	chronic obstructive pulmonary disease	PALLIATES_CpD
DB00515	Cisplatin	DOID:184	bone cancer	TREATS_CtD
DB00515	Cisplatin	DOID:5041	esophageal cancer	TREATS_CtD
DB00515	Cisplatin	DOID:2994	germ cell cancer	TREATS_CtD
DB00515	Cisplatin	DOID:2531	hematologic cancer	TREATS_CtD
DB00515	Cisplatin	DOID:1324	lung cancer	TREATS_CtD
DB00515	Cisplatin	DOID:1192	peripheral nervous system neoplasm	TREATS_CtD
DB00515	Cisplatin	DOID:2998	testicular cancer	TREATS_CtD
DB00515	Cisplatin	DOID:11054	urinary bladder cancer	TREATS_CtD
DB00215	Citalopram	DOID:0050741	alcohol dependence	TREATS_CtD
DB00215	Citalopram	DOID:3312	bipolar disorder	PALLIATES_CpD
DB00215	Citalopram	DOID:1595	endogenous depression	PALLIATES_CpD
DB00215	Citalopram	DOID:594	panic disorder	PALLIATES_CpD
DB00242	Cladribine	DOID:2531	hematologic cancer	TREATS_CtD
DB00242	Cladribine	DOID:2377	multiple sclerosis	TREATS_CtD
DB01190	Clindamycin	DOID:12365	malaria	TREATS_CtD
DB00349	Clobazam	DOID:1826	epilepsy syndrome	TREATS_CtD
DB01013	Clobetasol propionate	DOID:8893	psoriasis	TREATS_CtD
DB00631	Clofarabine	DOID:2531	hematologic cancer	TREATS_CtD
DB00882	Clomifene	DOID:14227	azoospermia	TREATS_CtD
DB01242	Clomipramine	DOID:594	panic disorder	PALLIATES_CpD
DB01068	Clonazepam	DOID:14330	Parkinson's disease	PALLIATES_CpD
DB01068	Clonazepam	DOID:12849	autistic disorder	PALLIATES_CpD
DB01068	Clonazepam	DOID:3312	bipolar disorder	PALLIATES_CpD
DB01068	Clonazepam	DOID:1826	epilepsy syndrome	TREATS_CtD
DB01068	Clonazepam	DOID:2377	multiple sclerosis	PALLIATES_CpD
DB01068	Clonazepam	DOID:594	panic disorder	PALLIATES_CpD
DB01068	Clonazepam	DOID:0050425	restless legs syndrome	PALLIATES_CpD
DB01068	Clonazepam	DOID:5419	schizophrenia	PALLIATES_CpD
DB00575	Clonidine	DOID:11119	Gilles de la Tourette syndrome	PALLIATES_CpD
DB00575	Clonidine	DOID:1094	attention deficit hyperactivity disorder	PALLIATES_CpD
DB00575	Clonidine	DOID:12849	autistic disorder	PALLIATES_CpD
DB00575	Clonidine	DOID:1686	glaucoma	TREATS_CtD
DB00575	Clonidine	DOID:10763	hypertension	TREATS_CtD
DB00575	Clonidine	DOID:0050425	restless legs syndrome	PALLIATES_CpD
DB00758	Clopidogrel	DOID:3393	coronary artery disease	TREATS_CtD
DB00363	Clozapine	DOID:3312	bipolar disorder	PALLIATES_CpD
DB00363	Clozapine	DOID:5419	schizophrenia	PALLIATES_CpD
DB00318	Codeine	DOID:8398	osteoarthritis	PALLIATES_CpD
DB01394	Colchicine	DOID:13189	gout	TREATS_CtD
DB01394	Colchicine	DOID:12236	primary biliary cirrhosis	TREATS_CtD
DB01394	Colchicine	DOID:418	systemic scleroderma	PALLIATES_CpD
DB00286	Conjugated Estrogens	DOID:1612	breast cancer	PALLIATES_CpD
DB00286	Conjugated Estrogens	DOID:11476	osteoporosis	TREATS_CtD
DB00286	Conjugated Estrogens	DOID:10283	prostate cancer	TREATS_CtD
DB08865	Crizotinib	DOID:1324	lung cancer	TREATS_CtD
DB01003	Cromoglicic acid	DOID:2841	asthma	TREATS_CtD
DB00924	Cyclobenzaprine	DOID:6364	migraine	PALLIATES_CpD
DB00924	Cyclobenzaprine	DOID:8398	osteoarthritis	PALLIATES_CpD
DB00091	Cyclosporine	DOID:1312	focal segmental glomerulosclerosis	TREATS_CtD
DB00091	Cyclosporine	DOID:8893	psoriasis	TREATS_CtD
DB00091	Cyclosporine	DOID:7148	rheumatoid arthritis	TREATS_CtD
DB00091	Cyclosporine	DOID:9074	systemic lupus erythematosus	TREATS_CtD
DB00434	Cyproheptadine	DOID:4481	allergic rhinitis	TREATS_CtD
DB00434	Cyproheptadine	DOID:6364	migraine	PALLIATES_CpD
DB00434	Cyproheptadine	DOID:5419	schizophrenia	PALLIATES_CpD
DB00987	Cytarabine	DOID:2531	hematologic cancer	TREATS_CtD
DB00987	Cytarabine	DOID:0060073	lymphatic system cancer	TREATS_CtD
DB00851	Dacarbazine	DOID:2531	hematologic cancer	TREATS_CtD
DB00851	Dacarbazine	DOID:1909	melanoma	TREATS_CtD
DB00851	Dacarbazine	DOID:4045	muscle cancer	TREATS_CtD
DB00851	Dacarbazine	DOID:1793	pancreatic cancer	TREATS_CtD
DB00851	Dacarbazine	DOID:1192	peripheral nervous system neoplasm	TREATS_CtD
DB00851	Dacarbazine	DOID:1115	sarcoma	TREATS_CtD
DB00851	Dacarbazine	DOID:4159	skin cancer	TREATS_CtD
DB00970	Dactinomycin	DOID:2994	germ cell cancer	TREATS_CtD
DB00970	Dactinomycin	DOID:263	kidney cancer	TREATS_CtD
DB00970	Dactinomycin	DOID:1909	melanoma	TREATS_CtD
DB00970	Dactinomycin	DOID:4045	muscle cancer	TREATS_CtD
DB00970	Dactinomycin	DOID:2174	ocular cancer	TREATS_CtD
DB00970	Dactinomycin	DOID:1192	peripheral nervous system neoplasm	TREATS_CtD
DB00970	Dactinomycin	DOID:1115	sarcoma	TREATS_CtD
DB00970	Dactinomycin	DOID:4159	skin cancer	TREATS_CtD
DB00970	Dactinomycin	DOID:2998	testicular cancer	TREATS_CtD
DB00970	Dactinomycin	DOID:363	uterine cancer	TREATS_CtD
DB06637	Dalfampridine	DOID:2377	multiple sclerosis	PALLIATES_CpD
DB01219	Dantrolene	DOID:2377	multiple sclerosis	PALLIATES_CpD
DB00250	Dapsone	DOID:1024	leprosy	TREATS_CtD
DB00250	Dapsone	DOID:12365	malaria	TREATS_CtD
DB00250	Dapsone	DOID:9074	systemic lupus erythematosus	TREATS_CtD
DB01254	Dasatinib	DOID:2531	hematologic cancer	TREATS_CtD
DB00694	Daunorubicin	DOID:2531	hematologic cancer	TREATS_CtD
DB00746	Deferoxamine	DOID:784	chronic kidney failure	PALLIATES_CpD
DB06699	Degarelix	DOID:10283	prostate cancer	TREATS_CtD
DB00705	Delavirdine	DOID:635	acquired immunodeficiency syndrome	TREATS_CtD
DB01151	Desipramine	DOID:1094	attention deficit hyperactivity disorder	PALLIATES_CpD
DB00967	Desloratadine	DOID:4481	allergic rhinitis	TREATS_CtD
DB00304	Desogestrel	DOID:11612	polycystic ovary syndrome	PALLIATES_CpD
DB01260	Desonide	DOID:3310	atopic dermatitis	TREATS_CtD
DB01234	Dexamethasone	DOID:4481	allergic rhinitis	TREATS_CtD
DB01234	Dexamethasone	DOID:7147	ankylosing spondylitis	TREATS_CtD
DB01234	Dexamethasone	DOID:2841	asthma	TREATS_CtD
DB01234	Dexamethasone	DOID:3310	atopic dermatitis	TREATS_CtD
DB01234	Dexamethasone	DOID:1319	brain cancer	PALLIATES_CpD
DB01234	Dexamethasone	DOID:1612	breast cancer	PALLIATES_CpD
DB01234	Dexamethasone	DOID:219	colon cancer	PALLIATES_CpD
DB01234	Dexamethasone	DOID:2531	hematologic cancer	TREATS_CtD
DB01234	Dexamethasone	DOID:263	kidney cancer	PALLIATES_CpD
DB01234	Dexamethasone	DOID:2377	multiple sclerosis	TREATS_CtD
DB01234	Dexamethasone	DOID:10283	prostate cancer	PALLIATES_CpD
DB01234	Dexamethasone	DOID:8893	psoriasis	TREATS_CtD
DB01234	Dexamethasone	DOID:9008	psoriatic arthritis	TREATS_CtD
DB01234	Dexamethasone	DOID:7148	rheumatoid arthritis	TREATS_CtD
DB01234	Dexamethasone	DOID:9074	systemic lupus erythematosus	TREATS_CtD
DB01234	Dexamethasone	DOID:8577	ulcerative colitis	TREATS_CtD
DB01576	Dextroamphetamine	DOID:1094	attention deficit hyperactivity disorder	PALLIATES_CpD
DB01576	Dextroamphetamine	DOID:8986	narcolepsy	PALLIATES_CpD
DB00514	Dextromethorphan	DOID:332	amyotrophic lateral sclerosis	PALLIATES_CpD
DB00514	Dextromethorphan	DOID:2377	multiple sclerosis	PALLIATES_CpD
DB00509	Dextrothyroxine	DOID:1459	hypothyroidism	TREATS_CtD
DB00829	Diazepam	DOID:1826	epilepsy syndrome	TREATS_CtD
DB00829	Diazepam	DOID:2377	multiple sclerosis	PALLIATES_CpD
DB00829	Diazepam	DOID:594	panic disorder	PALLIATES_CpD
DB01119	Diazoxide	DOID:10763	hypertension	PALLIATES_CpD
DB00586	Diclofenac	DOID:7147	ankylosing spondylitis	PALLIATES_CpD
DB00586	Diclofenac	DOID:6364	migraine	PALLIATES_CpD
DB00586	Diclofenac	DOID:8398	osteoarthritis	PALLIATES_CpD
DB00586	Diclofenac	DOID:7148	rheumatoid arthritis	PALLIATES_CpD
DB00586	Diclofenac	DOID:418	systemic scleroderma	PALLIATES_CpD
DB01144	Diclofenamide	DOID:1686	glaucoma	TREATS_CtD
DB00900	Didanosine	DOID:635	acquired immunodeficiency syndrome	TREATS_CtD
DB00937	Diethylpropion	DOID:9970	obesity	TREATS_CtD
DB00861	Diflunisal	DOID:8398	osteoarthritis	PALLIATES_CpD
DB00861	Diflunisal	DOID:7148	rheumatoid arthritis	PALLIATES_CpD
DB00390	Digoxin	DOID:3393	coronary artery disease	PALLIATES_CpD
DB00390	Digoxin	DOID:12930	dilated cardiomyopathy	PALLIATES_CpD
DB00320	Dihydroergotamine	DOID:6364	migraine	PALLIATES_CpD
DB00343	Diltiazem	DOID:3393	coronary artery disease	PALLIATES_CpD
DB00343	Diltiazem	DOID:10763	hypertension	TREATS_CtD
DB00985	Dimenhydrinate	DOID:4481	allergic rhinitis	TREATS_CtD
DB00985	Dimenhydrinate	DOID:3310	atopic dermatitis	TREATS_CtD
DB00985	Dimenhydrinate	DOID:5419	schizophrenia	PALLIATES_CpD
DB01075	Diphenhydramine	DOID:14330	Parkinson's disease	PALLIATES_CpD
DB01075	Diphenhydramine	DOID:4481	allergic rhinitis	TREATS_CtD
DB01075	Diphenhydramine	DOID:3310	atopic dermatitis	TREATS_CtD
DB01075	Diphenhydramine	DOID:5419	schizophrenia	PALLIATES_CpD
DB00449	Dipivefrin	DOID:1686	glaucoma	TREATS_CtD
DB00975	Dipyridamole	DOID:3393	coronary artery disease	PALLIATES_CpD
DB00822	Disulfiram	DOID:0050741	alcohol dependence	TREATS_CtD
DB01248	Docetaxel	DOID:1612	breast cancer	TREATS_CtD
DB01248	Docetaxel	DOID:11934	head and neck cancer	TREATS_CtD
DB01248	Docetaxel	DOID:1324	lung cancer	TREATS_CtD
DB01248	Docetaxel	DOID:1909	melanoma	TREATS_CtD
DB01248	Docetaxel	DOID:2394	ovarian cancer	TREATS_CtD
DB01248	Docetaxel	DOID:1793	pancreatic cancer	TREATS_CtD
DB01248	Docetaxel	DOID:10283	prostate cancer	TREATS_CtD
DB01248	Docetaxel	DOID:4159	skin cancer	TREATS_CtD
DB01248	Docetaxel	DOID:10534	stomach cancer	TREATS_CtD
DB00843	Donepezil	DOID:10652	Alzheimer's disease	TREATS_CtD
DB00869	Dorzolamide	DOID:1686	glaucoma	TREATS_CtD
DB00590	Doxazosin	DOID:10763	hypertension	TREATS_CtD
DB01142	Doxepin	DOID:3310	atopic dermatitis	PALLIATES_CpD
DB00997	Doxorubicin	DOID:184	bone cancer	TREATS_CtD
DB00997	Doxorubicin	DOID:1612	breast cancer	TREATS_CtD
DB00997	Doxorubicin	DOID:2531	hematologic cancer	TREATS_CtD
DB00997	Doxorubicin	DOID:263	kidney cancer	TREATS_CtD
DB00997	Doxorubicin	DOID:3571	liver cancer	TREATS_CtD
DB00997	Doxorubicin	DOID:1324	lung cancer	TREATS_CtD
DB00997	Doxorubicin	DOID:4045	muscle cancer	TREATS_CtD
DB00997	Doxorubicin	DOID:2394	ovarian cancer	TREATS_CtD
DB00997	Doxorubicin	DOID:1793	pancreatic cancer	TREATS_CtD
DB00997	Doxorubicin	DOID:1192	peripheral nervous system neoplasm	TREATS_CtD
DB00997	Doxorubicin	DOID:10283	prostate cancer	TREATS_CtD
DB00997	Doxorubicin	DOID:1115	sarcoma	TREATS_CtD
DB00997	Doxorubicin	DOID:10534	stomach cancer	TREATS_CtD
DB00997	Doxorubicin	DOID:2998	testicular cancer	TREATS_CtD
DB00997	Doxorubicin	DOID:1781	thyroid cancer	TREATS_CtD
DB00997	Doxorubicin	DOID:11054	urinary bladder cancer	TREATS_CtD
DB00997	Doxorubicin	DOID:363	uterine cancer	TREATS_CtD
DB00254	Doxycycline	DOID:3083	chronic obstructive pulmonary disease	PALLIATES_CpD
DB00254	Doxycycline	DOID:12365	malaria	TREATS_CtD
DB01395	Drospirenone	DOID:11612	polycystic ovary syndrome	PALLIATES_CpD
DB00476	Duloxetine	DOID:3312	bipolar disorder	PALLIATES_CpD
DB00476	Duloxetine	DOID:1595	endogenous depression	PALLIATES_CpD
DB00651	Dyphylline	DOID:2841	asthma	TREATS_CtD
DB01057	Echothiophate	DOID:1686	glaucoma	TREATS_CtD
DB00625	Efavirenz	DOID:635	acquired immunodeficiency syndrome	TREATS_CtD
DB00216	Eletriptan	DOID:6364	migraine	PALLIATES_CpD
DB00584	Enalapril	DOID:3393	coronary artery disease	TREATS_CtD
DB00584	Enalapril	DOID:10763	hypertension	TREATS_CtD
DB00494	Entacapone	DOID:14330	Parkinson's disease	PALLIATES_CpD
DB00442	Entecavir	DOID:2043	hepatitis B	TREATS_CtD
DB01364	Ephedrine	DOID:4481	allergic rhinitis	PALLIATES_CpD
DB01364	Ephedrine	DOID:2841	asthma	PALLIATES_CpD
DB00668	Epinephrine	DOID:4481	allergic rhinitis	PALLIATES_CpD
DB00668	Epinephrine	DOID:2841	asthma	PALLIATES_CpD
DB00668	Epinephrine	DOID:1686	glaucoma	PALLIATES_CpD
DB00445	Epirubicin	DOID:184	bone cancer	TREATS_CtD
DB00445	Epirubicin	DOID:1612	breast cancer	TREATS_CtD
DB00445	Epirubicin	DOID:2531	hematologic cancer	TREATS_CtD
DB00445	Epirubicin	DOID:3571	liver cancer	TREATS_CtD
DB00445	Epirubicin	DOID:2394	ovarian cancer	TREATS_CtD
DB00445	Epirubicin	DOID:1793	pancreatic cancer	TREATS_CtD
DB00445	Epirubicin	DOID:1192	peripheral nervous system neoplasm	TREATS_CtD
DB00445	Epirubicin	DOID:10283	prostate cancer	TREATS_CtD
DB00445	Epirubicin	DOID:1115	sarcoma	TREATS_CtD
DB00445	Epirubicin	DOID:10534	stomach cancer	TREATS_CtD
DB00445	Epirubicin	DOID:2998	testicular cancer	TREATS_CtD
DB00445	Epirubicin	DOID:1781	thyroid cancer	TREATS_CtD
DB00445	Epirubicin	DOID:11054	urinary bladder cancer	TREATS_CtD
DB00445	Epirubicin	DOID:363	uterine cancer	TREATS_CtD
DB00700	Eplerenone	DOID:3393	coronary artery disease	TREATS_CtD
DB00700	Eplerenone	DOID:10763	hypertension	TREATS_CtD
DB01240	Epoprostenol	DOID:418	systemic scleroderma	PALLIATES_CpD
DB00876	Eprosartan	DOID:10763	hypertension	TREATS_CtD
DB00153	Ergocalciferol	DOID:11476	osteoporosis	TREATS_CtD
DB00153	Ergocalciferol	DOID:7148	rheumatoid arthritis	TREATS_CtD
DB00696	Ergotamine	DOID:6364	migraine	PALLIATES_CpD
DB08871	Eribulin	DOID:1612	breast cancer	TREATS_CtD
DB00530	Erlotinib	DOID:263	kidney cancer	TREATS_CtD
DB00530	Erlotinib	DOID:1324	lung cancer	TREATS_CtD
DB00530	Erlotinib	DOID:1793	pancreatic cancer	TREATS_CtD
DB01175	Escitalopram	DOID:3312	bipolar disorder	PALLIATES_CpD
DB01175	Escitalopram	DOID:1595	endogenous depression	PALLIATES_CpD
DB00187	Esmolol	DOID:10763	hypertension	TREATS_CtD
DB00736	Esomeprazole	DOID:9206	Barrett's esophagus	TREATS_CtD
DB00736	Esomeprazole	DOID:5041	esophageal cancer	PALLIATES_CpD
DB00736	Esomeprazole	DOID:263	kidney cancer	PALLIATES_CpD
DB00736	Esomeprazole	DOID:10283	prostate cancer	PALLIATES_CpD
DB00736	Esomeprazole	DOID:418	systemic scleroderma	PALLIATES_CpD
DB00783	Estradiol	DOID:1612	breast cancer	PALLIATES_CpD
DB00783	Estradiol	DOID:11476	osteoporosis	TREATS_CtD
DB00783	Estradiol	DOID:10283	prostate cancer	TREATS_CtD
DB08866	Estradiol valerate/Dienogest	DOID:1612	breast cancer	PALLIATES_CpD
DB08866	Estradiol valerate/Dienogest	DOID:10283	prostate cancer	TREATS_CtD
DB01196	Estramustine	DOID:10283	prostate cancer	TREATS_CtD
DB00655	Estrone	DOID:1612	breast cancer	PALLIATES_CpD
DB00655	Estrone	DOID:10283	prostate cancer	TREATS_CtD
DB04574	Estropipate	DOID:11476	osteoporosis	TREATS_CtD
DB00402	Eszopiclone	DOID:2377	multiple sclerosis	PALLIATES_CpD
DB00402	Eszopiclone	DOID:5419	schizophrenia	PALLIATES_CpD
DB00903	Ethacrynic acid	DOID:784	chronic kidney failure	PALLIATES_CpD
DB00903	Ethacrynic acid	DOID:10763	hypertension	TREATS_CtD
DB00977	Ethinyl Estradiol	DOID:1612	breast cancer	PALLIATES_CpD
DB00977	Ethinyl Estradiol	DOID:11476	osteoporosis	TREATS_CtD
DB00977	Ethinyl Estradiol	DOID:11612	polycystic ovary syndrome	PALLIATES_CpD
DB00977	Ethinyl Estradiol	DOID:10283	prostate cancer	TREATS_CtD
DB01077	Etidronic acid	DOID:5408	Paget's disease of bone	TREATS_CtD
DB01077	Etidronic acid	DOID:11476	osteoporosis	TREATS_CtD
DB00749	Etodolac	DOID:8398	osteoarthritis	PALLIATES_CpD
DB00773	Etoposide	DOID:1319	brain cancer	TREATS_CtD
DB00773	Etoposide	DOID:2994	germ cell cancer	TREATS_CtD
DB00773	Etoposide	DOID:2531	hematologic cancer	TREATS_CtD
DB00773	Etoposide	DOID:1324	lung cancer	TREATS_CtD
DB00773	Etoposide	DOID:4045	muscle cancer	TREATS_CtD
DB00773	Etoposide	DOID:1192	peripheral nervous system neoplasm	TREATS_CtD
DB00773	Etoposide	DOID:10283	prostate cancer	TREATS_CtD
DB00773	Etoposide	DOID:1115	sarcoma	TREATS_CtD
DB00773	Etoposide	DOID:2998	testicular cancer	TREATS_CtD
DB00773	Etoposide	DOID:11054	urinary bladder cancer	TREATS_CtD
DB00773	Etoposide	DOID:363	uterine cancer	TREATS_CtD
DB01590	Everolimus	DOID:263	kidney cancer	TREATS_CtD
DB00990	Exemestane	DOID:1612	breast cancer	TREATS_CtD
DB00973	Ezetimibe	DOID:1936	atherosclerosis	TREATS_CtD
DB00973	Ezetimibe	DOID:3393	coronary artery disease	TREATS_CtD
DB00949	Felbamate	DOID:1826	epilepsy syndrome	TREATS_CtD
DB01023	Felodipine	DOID:10763	hypertension	TREATS_CtD
DB01039	Fenofibrate	DOID:3393	coronary artery disease	TREATS_CtD
DB00800	Fenoldopam	DOID:10763	hypertension	TREATS_CtD
DB00573	Fenoprofen	DOID:8398	osteoarthritis	PALLIATES_CpD
DB00813	Fentanyl	DOID:1324	lung cancer	PALLIATES_CpD
DB00813	Fentanyl	DOID:10283	prostate cancer	PALLIATES_CpD
DB08868	Fingolimod	DOID:2377	multiple sclerosis	TREATS_CtD
DB00322	Floxuridine	DOID:10534	stomach cancer	TREATS_CtD
DB01073	Fludarabine	DOID:2531	hematologic cancer	TREATS_CtD
DB01073	Fludarabine	DOID:0060073	lymphatic system cancer	TREATS_CtD
DB00687	Fludrocortisone	DOID:14330	Parkinson's disease	PALLIATES_CpD
DB00180	Flunisolide	DOID:4481	allergic rhinitis	TREATS_CtD
DB00180	Flunisolide	DOID:2841	asthma	TREATS_CtD
DB00591	Fluocinolone Acetonide	DOID:3310	atopic dermatitis	TREATS_CtD
DB00591	Fluocinolone Acetonide	DOID:8893	psoriasis	TREATS_CtD
DB01047	Fluocinonide	DOID:3310	atopic dermatitis	TREATS_CtD
DB01047	Fluocinonide	DOID:8893	psoriasis	TREATS_CtD
DB00544	Fluorouracil	DOID:1612	breast cancer	TREATS_CtD
DB00544	Fluorouracil	DOID:219	colon cancer	TREATS_CtD
DB00544	Fluorouracil	DOID:11934	head and neck cancer	TREATS_CtD
DB00544	Fluorouracil	DOID:1793	pancreatic cancer	TREATS_CtD
DB00544	Fluorouracil	DOID:4159	skin cancer	TREATS_CtD
DB00544	Fluorouracil	DOID:10534	stomach cancer	TREATS_CtD
DB00544	Fluorouracil	DOID:11054	urinary bladder cancer	TREATS_CtD
DB00472	Fluoxetine	DOID:594	panic disorder	PALLIATES_CpD
DB00472	Fluoxetine	DOID:5419	schizophrenia	PALLIATES_CpD
DB01185	Fluoxymesterone	DOID:1612	breast cancer	TREATS_CtD
DB00623	Fluphenazine	DOID:5419	schizophrenia	PALLIATES_CpD
DB00712	Flurbiprofen	DOID:8398	osteoarthritis	PALLIATES_CpD
DB00499	Flutamide	DOID:10283	prostate cancer	TREATS_CtD
DB00588	Fluticasone Propionate	DOID:2841	asthma	TREATS_CtD
DB08906	Fluticasone furoate	DOID:2841	asthma	TREATS_CtD
DB00176	Fluvoxamine	DOID:1595	endogenous depression	PALLIATES_CpD
DB00176	Fluvoxamine	DOID:594	panic disorder	PALLIATES_CpD
DB00983	Formoterol	DOID:2841	asthma	TREATS_CtD
DB00983	Formoterol	DOID:3083	chronic obstructive pulmonary disease	TREATS_CtD
DB00492	Fosinopril	DOID:10763	hypertension	TREATS_CtD
DB01320	Fosphenytoin	DOID:1826	epilepsy syndrome	TREATS_CtD
DB00998	Frovatriptan	DOID:6364	migraine	PALLIATES_CpD
DB00947	Fulvestrant	DOID:1612	breast cancer	TREATS_CtD
DB00695	Furosemide	DOID:784	chronic kidney failure	PALLIATES_CpD
DB00695	Furosemide	DOID:3393	coronary artery disease	TREATS_CtD
DB00695	Furosemide	DOID:12930	dilated cardiomyopathy	TREATS_CtD
DB00695	Furosemide	DOID:10763	hypertension	TREATS_CtD
DB00996	Gabapentin	DOID:14330	Parkinson's disease	PALLIATES_CpD
DB00996	Gabapentin	DOID:3312	bipolar disorder	PALLIATES_CpD
DB00996	Gabapentin	DOID:1826	epilepsy syndrome	TREATS_CtD
DB00996	Gabapentin	DOID:6364	migraine	TREATS_CtD
DB00996	Gabapentin	DOID:2377	multiple sclerosis	PALLIATES_CpD
DB00996	Gabapentin	DOID:0050425	restless legs syndrome	PALLIATES_CpD
DB00996	Gabapentin	DOID:7148	rheumatoid arthritis	PALLIATES_CpD
DB00996	Gabapentin	DOID:9074	systemic lupus erythematosus	PALLIATES_CpD
DB00674	Galantamine	DOID:10652	Alzheimer's disease	TREATS_CtD
DB01440	Gamma Hydroxybutyric Acid	DOID:8986	narcolepsy	PALLIATES_CpD
DB00317	Gefitinib	DOID:1324	lung cancer	TREATS_CtD
DB00441	Gemcitabine	DOID:1612	breast cancer	TREATS_CtD
DB00441	Gemcitabine	DOID:2531	hematologic cancer	TREATS_CtD
DB00441	Gemcitabine	DOID:263	kidney cancer	TREATS_CtD
DB00441	Gemcitabine	DOID:1324	lung cancer	TREATS_CtD
DB00441	Gemcitabine	DOID:1793	pancreatic cancer	TREATS_CtD
DB00441	Gemcitabine	DOID:11054	urinary bladder cancer	TREATS_CtD
DB01241	Gemfibrozil	DOID:3393	coronary artery disease	TREATS_CtD
DB01120	Gliclazide	DOID:9352	type 2 diabetes mellitus	TREATS_CtD
DB00222	Glimepiride	DOID:9352	type 2 diabetes mellitus	TREATS_CtD
DB01067	Glipizide	DOID:9352	type 2 diabetes mellitus	TREATS_CtD
DB01296	Glucosamine	DOID:8398	osteoarthritis	PALLIATES_CpD
DB01016	Glyburide	DOID:11714	gestational diabetes	TREATS_CtD
DB01016	Glyburide	DOID:9352	type 2 diabetes mellitus	TREATS_CtD
DB00014	Goserelin	DOID:1612	breast cancer	TREATS_CtD
DB00014	Goserelin	DOID:10283	prostate cancer	TREATS_CtD
DB00629	Guanabenz	DOID:10763	hypertension	TREATS_CtD
DB00226	Guanadrel	DOID:10763	hypertension	TREATS_CtD
DB01170	Guanethidine	DOID:10763	hypertension	TREATS_CtD
DB01018	Guanfacine	DOID:1094	attention deficit hyperactivity disorder	PALLIATES_CpD
DB01018	Guanfacine	DOID:10763	hypertension	TREATS_CtD
DB00502	Haloperidol	DOID:10652	Alzheimer's disease	PALLIATES_CpD
DB00502	Haloperidol	DOID:11119	Gilles de la Tourette syndrome	PALLIATES_CpD
DB00502	Haloperidol	DOID:12995	conduct disorder	PALLIATES_CpD
DB00502	Haloperidol	DOID:5419	schizophrenia	PALLIATES_CpD
DB01275	Hydralazine	DOID:10763	hypertension	TREATS_CtD
DB00999	Hydrochlorothiazide	DOID:10763	hypertension	TREATS_CtD
DB00999	Hydrochlorothiazide	DOID:585	nephrolithiasis	TREATS_CtD
DB00741	Hydrocortisone	DOID:4481	allergic rhinitis	TREATS_CtD
DB00741	Hydrocortisone	DOID:2841	asthma	TREATS_CtD
DB00741	Hydrocortisone	DOID:3310	atopic dermatitis	TREATS_CtD
DB00741	Hydrocortisone	DOID:13189	gout	TREATS_CtD
DB00741	Hydrocortisone	DOID:263	kidney cancer	PALLIATES_CpD
DB00741	Hydrocortisone	DOID:10283	prostate cancer	PALLIATES_CpD
DB00741	Hydrocortisone	DOID:8893	psoriasis	TREATS_CtD
DB00741	Hydrocortisone	DOID:7148	rheumatoid arthritis	TREATS_CtD
DB00741	Hydrocortisone	DOID:9074	systemic lupus erythematosus	TREATS_CtD
DB00741	Hydrocortisone	DOID:8577	ulcerative colitis	TREATS_CtD
DB00774	Hydroflumethiazide	DOID:10763	hypertension	TREATS_CtD
DB01005	Hydroxyurea	DOID:1319	brain cancer	TREATS_CtD
DB01005	Hydroxyurea	DOID:11934	head and neck cancer	TREATS_CtD
DB01005	Hydroxyurea	DOID:2531	hematologic cancer	TREATS_CtD
DB01005	Hydroxyurea	DOID:8893	psoriasis	TREATS_CtD
DB00424	Hyoscyamine	DOID:8778	Crohn's disease	PALLIATES_CpD
DB00424	Hyoscyamine	DOID:14330	Parkinson's disease	PALLIATES_CpD
DB00424	Hyoscyamine	DOID:4989	pancreatitis	TREATS_CtD
DB00710	Ibandronate	DOID:11476	osteoporosis	TREATS_CtD
DB01050	Ibuprofen	DOID:8398	osteoarthritis	PALLIATES_CpD
DB01177	Idarubicin	DOID:1612	breast cancer	TREATS_CtD
DB01177	Idarubicin	DOID:2531	hematologic cancer	TREATS_CtD
DB01181	Ifosfamide	DOID:2994	germ cell cancer	TREATS_CtD
DB01181	Ifosfamide	DOID:2531	hematologic cancer	TREATS_CtD
DB01181	Ifosfamide	DOID:2998	testicular cancer	TREATS_CtD
DB00619	Imatinib	DOID:2531	hematologic cancer	TREATS_CtD
DB00458	Imipramine	DOID:1094	attention deficit hyperactivity disorder	PALLIATES_CpD
DB00458	Imipramine	DOID:1595	endogenous depression	PALLIATES_CpD
DB00458	Imipramine	DOID:594	panic disorder	PALLIATES_CpD
DB00724	Imiquimod	DOID:4159	skin cancer	TREATS_CtD
DB05039	Indacaterol	DOID:2841	asthma	TREATS_CtD
DB00808	Indapamide	DOID:10763	hypertension	TREATS_CtD
DB00224	Indinavir	DOID:635	acquired immunodeficiency syndrome	TREATS_CtD
DB00328	Indomethacin	DOID:7147	ankylosing spondylitis	PALLIATES_CpD
DB00328	Indomethacin	DOID:13189	gout	TREATS_CtD
DB00328	Indomethacin	DOID:6364	migraine	PALLIATES_CpD
DB00328	Indomethacin	DOID:8398	osteoarthritis	PALLIATES_CpD
DB00328	Indomethacin	DOID:7148	rheumatoid arthritis	PALLIATES_CpD
DB00332	Ipratropium bromide	DOID:2841	asthma	TREATS_CtD
DB01029	Irbesartan	DOID:10763	hypertension	TREATS_CtD
DB01029	Irbesartan	DOID:9352	type 2 diabetes mellitus	TREATS_CtD
DB00762	Irinotecan	DOID:1612	breast cancer	TREATS_CtD
DB00762	Irinotecan	DOID:219	colon cancer	TREATS_CtD
DB00762	Irinotecan	DOID:2531	hematologic cancer	TREATS_CtD
DB00762	Irinotecan	DOID:1324	lung cancer	TREATS_CtD
DB00762	Irinotecan	DOID:1793	pancreatic cancer	TREATS_CtD
DB00762	Irinotecan	DOID:10534	stomach cancer	TREATS_CtD
DB01247	Isocarboxazid	DOID:594	panic disorder	PALLIATES_CpD
DB00221	Isoetarine	DOID:2841	asthma	TREATS_CtD
DB01064	Isoprenaline	DOID:2841	asthma	TREATS_CtD
DB00883	Isosorbide Dinitrate	DOID:3393	coronary artery disease	PALLIATES_CpD
DB01020	Isosorbide Mononitrate	DOID:3393	coronary artery disease	PALLIATES_CpD
DB00982	Isotretinoin	DOID:1192	peripheral nervous system neoplasm	TREATS_CtD
DB00270	Isradipine	DOID:10763	hypertension	TREATS_CtD
DB04845	Ixabepilone	DOID:1612	breast cancer	TREATS_CtD
DB01009	Ketoprofen	DOID:8398	osteoarthritis	PALLIATES_CpD
DB00920	Ketotifen	DOID:2841	asthma	TREATS_CtD
DB01235	L-DOPA	DOID:14330	Parkinson's disease	PALLIATES_CpD
DB01235	L-DOPA	DOID:0050425	restless legs syndrome	PALLIATES_CpD
DB00598	Labetalol	DOID:10763	hypertension	TREATS_CtD
DB06218	Lacosamide	DOID:1826	epilepsy syndrome	TREATS_CtD
DB00709	Lamivudine	DOID:635	acquired immunodeficiency syndrome	TREATS_CtD
DB00709	Lamivudine	DOID:2043	hepatitis B	TREATS_CtD
DB00555	Lamotrigine	DOID:3312	bipolar disorder	PALLIATES_CpD
DB00555	Lamotrigine	DOID:1826	epilepsy syndrome	TREATS_CtD
DB00555	Lamotrigine	DOID:5419	schizophrenia	PALLIATES_CpD
DB01259	Lapatinib	DOID:1612	breast cancer	TREATS_CtD
DB00654	Latanoprost	DOID:1686	glaucoma	TREATS_CtD
DB01097	Leflunomide	DOID:7148	rheumatoid arthritis	TREATS_CtD
DB01097	Leflunomide	DOID:9074	systemic lupus erythematosus	TREATS_CtD
DB01097	Leflunomide	DOID:418	systemic scleroderma	TREATS_CtD
DB00480	Lenalidomide	DOID:2531	hematologic cancer	TREATS_CtD
DB01006	Letrozole	DOID:1612	breast cancer	TREATS_CtD
DB01202	Levetiracetam	DOID:1826	epilepsy syndrome	TREATS_CtD
DB01210	Levobunolol	DOID:1686	glaucoma	TREATS_CtD
DB01137	Levofloxacin	DOID:3083	chronic obstructive pulmonary disease	PALLIATES_CpD
DB00367	Levonorgestrel	DOID:11612	polycystic ovary syndrome	PALLIATES_CpD
DB00451	Levothyroxine	DOID:1459	hypothyroidism	TREATS_CtD
DB00281	Lidocaine	DOID:3393	coronary artery disease	PALLIATES_CpD
DB00281	Lidocaine	DOID:8398	osteoarthritis	PALLIATES_CpD
DB00281	Lidocaine	DOID:7148	rheumatoid arthritis	PALLIATES_CpD
DB00281	Lidocaine	DOID:418	systemic scleroderma	PALLIATES_CpD
DB08882	Linagliptin	DOID:9352	type 2 diabetes mellitus	TREATS_CtD
DB00279	Liothyronine	DOID:1459	hypothyroidism	TREATS_CtD
DB01583	Liotrix	DOID:1459	hypothyroidism	TREATS_CtD
DB01255	Lisdexamfetamine	DOID:1094	attention deficit hyperactivity disorder	PALLIATES_CpD
DB00722	Lisinopril	DOID:3393	coronary artery disease	TREATS_CtD
DB00722	Lisinopril	DOID:12930	dilated cardiomyopathy	TREATS_CtD
DB00722	Lisinopril	DOID:10763	hypertension	TREATS_CtD
DB00722	Lisinopril	DOID:418	systemic scleroderma	TREATS_CtD
DB01356	Lithium	DOID:5419	schizophrenia	PALLIATES_CpD
DB01206	Lomustine	DOID:1319	brain cancer	TREATS_CtD
DB01206	Lomustine	DOID:2531	hematologic cancer	TREATS_CtD
DB01601	Lopinavir	DOID:635	acquired immunodeficiency syndrome	TREATS_CtD
DB00455	Loratadine	DOID:4481	allergic rhinitis	TREATS_CtD
DB00455	Loratadine	DOID:2841	asthma	TREATS_CtD
DB00455	Loratadine	DOID:3310	atopic dermatitis	TREATS_CtD
DB00186	Lorazepam	DOID:594	panic disorder	PALLIATES_CpD
DB00678	Losartan	DOID:3393	coronary artery disease	TREATS_CtD
DB00678	Losartan	DOID:10763	hypertension	TREATS_CtD
DB00678	Losartan	DOID:9352	type 2 diabetes mellitus	TREATS_CtD
DB00227	Lovastatin	DOID:1936	atherosclerosis	TREATS_CtD
DB00227	Lovastatin	DOID:3393	coronary artery disease	TREATS_CtD
DB00408	Loxapine	DOID:5419	schizophrenia	PALLIATES_CpD
DB01397	Magnesium salicylate	DOID:8893	psoriasis	PALLIATES_CpD
DB00742	Mannitol	DOID:1686	glaucoma	PALLIATES_CpD
DB00934	Maprotiline	DOID:594	panic disorder	PALLIATES_CpD
DB00657	Mecamylamine	DOID:11119	Gilles de la Tourette syndrome	PALLIATES_CpD
DB00657	Mecamylamine	DOID:10763	hypertension	TREATS_CtD
DB00888	Mechlorethamine	DOID:2531	hematologic cancer	TREATS_CtD
DB00888	Mechlorethamine	DOID:0060073	lymphatic system cancer	TREATS_CtD
DB00603	Medroxyprogesterone Acetate	DOID:1612	breast cancer	PALLIATES_CpD
DB00603	Medroxyprogesterone Acetate	DOID:363	uterine cancer	TREATS_CtD
DB00351	Megestrol acetate	DOID:1612	breast cancer	PALLIATES_CpD
DB00814	Meloxicam	DOID:7147	ankylosing spondylitis	PALLIATES_CpD
DB00814	Meloxicam	DOID:8398	osteoarthritis	PALLIATES_CpD
DB00814	Meloxicam	DOID:7148	rheumatoid arthritis	PALLIATES_CpD
DB00814	Meloxicam	DOID:9074	systemic lupus erythematosus	PALLIATES_CpD
DB00814	Meloxicam	DOID:418	systemic scleroderma	PALLIATES_CpD
DB01042	Melphalan	DOID:1612	breast cancer	TREATS_CtD
DB01042	Melphalan	DOID:2531	hematologic cancer	TREATS_CtD
DB01042	Melphalan	DOID:2394	ovarian cancer	TREATS_CtD
DB01042	Melphalan	DOID:1192	peripheral nervous system neoplasm	TREATS_CtD
DB01043	Memantine	DOID:10652	Alzheimer's disease	TREATS_CtD
DB01043	Memantine	DOID:14330	Parkinson's disease	PALLIATES_CpD
DB01033	Mercaptopurine	DOID:8778	Crohn's disease	TREATS_CtD
DB01033	Mercaptopurine	DOID:2531	hematologic cancer	TREATS_CtD
DB01033	Mercaptopurine	DOID:8577	ulcerative colitis	TREATS_CtD
DB00244	Mesalazine	DOID:8778	Crohn's disease	TREATS_CtD
DB00244	Mesalazine	DOID:8577	ulcerative colitis	TREATS_CtD
DB00933	Mesoridazine	DOID:5419	schizophrenia	PALLIATES_CpD
DB00331	Metformin	DOID:14221	metabolic syndrome X	TREATS_CtD
DB00331	Metformin	DOID:11612	polycystic ovary syndrome	TREATS_CtD
DB00331	Metformin	DOID:9352	type 2 diabetes mellitus	TREATS_CtD
DB01577	Methamphetamine	DOID:1094	attention deficit hyperactivity disorder	PALLIATES_CpD
DB01577	Methamphetamine	DOID:8986	narcolepsy	PALLIATES_CpD
DB01577	Methamphetamine	DOID:9970	obesity	TREATS_CtD
DB00703	Methazolamide	DOID:1686	glaucoma	TREATS_CtD
DB00763	Methimazole	DOID:12361	Graves' disease	TREATS_CtD
DB00563	Methotrexate	DOID:7147	ankylosing spondylitis	TREATS_CtD
DB00563	Methotrexate	DOID:184	bone cancer	TREATS_CtD
DB00563	Methotrexate	DOID:1612	breast cancer	TREATS_CtD
DB00563	Methotrexate	DOID:219	colon cancer	TREATS_CtD
DB00563	Methotrexate	DOID:5041	esophageal cancer	TREATS_CtD
DB00563	Methotrexate	DOID:2994	germ cell cancer	TREATS_CtD
DB00563	Methotrexate	DOID:2531	hematologic cancer	TREATS_CtD
DB00563	Methotrexate	DOID:1324	lung cancer	TREATS_CtD
DB00563	Methotrexate	DOID:0060073	lymphatic system cancer	TREATS_CtD
DB00563	Methotrexate	DOID:2377	multiple sclerosis	TREATS_CtD
DB00563	Methotrexate	DOID:4045	muscle cancer	TREATS_CtD
DB00563	Methotrexate	DOID:8893	psoriasis	TREATS_CtD
DB00563	Methotrexate	DOID:9008	psoriatic arthritis	TREATS_CtD
DB00563	Methotrexate	DOID:7148	rheumatoid arthritis	TREATS_CtD
DB00563	Methotrexate	DOID:10534	stomach cancer	TREATS_CtD
DB00563	Methotrexate	DOID:9074	systemic lupus erythematosus	TREATS_CtD
DB00563	Methotrexate	DOID:418	systemic scleroderma	TREATS_CtD
DB00563	Methotrexate	DOID:2998	testicular cancer	TREATS_CtD
DB00563	Methotrexate	DOID:11054	urinary bladder cancer	TREATS_CtD
DB00553	Methoxsalen	DOID:2531	hematologic cancer	TREATS_CtD
DB00553	Methoxsalen	DOID:8893	psoriasis	TREATS_CtD
DB00553	Methoxsalen	DOID:12306	vitiligo	TREATS_CtD
DB00968	Methyldopa	DOID:10763	hypertension	TREATS_CtD
DB00353	Methylergometrine	DOID:6364	migraine	PALLIATES_CpD
DB00422	Methylphenidate	DOID:1094	attention deficit hyperactivity disorder	PALLIATES_CpD
DB00959	Methylprednisolone	DOID:4481	allergic rhinitis	TREATS_CtD
DB00959	Methylprednisolone	DOID:7147	ankylosing spondylitis	TREATS_CtD
DB00959	Methylprednisolone	DOID:2841	asthma	TREATS_CtD
DB00959	Methylprednisolone	DOID:3310	atopic dermatitis	TREATS_CtD
DB00959	Methylprednisolone	DOID:1319	brain cancer	PALLIATES_CpD
DB00959	Methylprednisolone	DOID:13189	gout	TREATS_CtD
DB00959	Methylprednisolone	DOID:2531	hematologic cancer	PALLIATES_CpD
DB00959	Methylprednisolone	DOID:2377	multiple sclerosis	TREATS_CtD
DB00959	Methylprednisolone	DOID:8398	osteoarthritis	PALLIATES_CpD
DB00959	Methylprednisolone	DOID:9008	psoriatic arthritis	TREATS_CtD
DB00959	Methylprednisolone	DOID:7148	rheumatoid arthritis	TREATS_CtD
DB00959	Methylprednisolone	DOID:9074	systemic lupus erythematosus	TREATS_CtD
DB00959	Methylprednisolone	DOID:8577	ulcerative colitis	TREATS_CtD
DB06710	Methyltestosterone	DOID:1612	breast cancer	PALLIATES_CpD
DB01214	Metipranolol	DOID:1686	glaucoma	TREATS_CtD
DB01233	Metoclopramide	DOID:6364	migraine	PALLIATES_CpD
DB01233	Metoclopramide	DOID:10283	prostate cancer	PALLIATES_CpD
DB01233	Metoclopramide	DOID:418	systemic scleroderma	PALLIATES_CpD
DB00524	Metolazone	DOID:10763	hypertension	TREATS_CtD
DB00264	Metoprolol	DOID:10763	hypertension	TREATS_CtD
DB00683	Midazolam	DOID:1826	epilepsy syndrome	TREATS_CtD
DB00491	Miglitol	DOID:9352	type 2 diabetes mellitus	TREATS_CtD
DB00350	Minoxidil	DOID:10763	hypertension	TREATS_CtD
DB00305	Mitomycin	DOID:10534	stomach cancer	TREATS_CtD
DB00305	Mitomycin	DOID:11054	urinary bladder cancer	TREATS_CtD
DB01204	Mitoxantrone	DOID:1612	breast cancer	TREATS_CtD
DB01204	Mitoxantrone	DOID:2531	hematologic cancer	TREATS_CtD
DB01204	Mitoxantrone	DOID:0060073	lymphatic system cancer	TREATS_CtD
DB01204	Mitoxantrone	DOID:2377	multiple sclerosis	TREATS_CtD
DB01204	Mitoxantrone	DOID:10283	prostate cancer	TREATS_CtD
DB01204	Mitoxantrone	DOID:1115	sarcoma	TREATS_CtD
DB00745	Modafinil	DOID:14330	Parkinson's disease	PALLIATES_CpD
DB00745	Modafinil	DOID:1094	attention deficit hyperactivity disorder	PALLIATES_CpD
DB00745	Modafinil	DOID:2377	multiple sclerosis	PALLIATES_CpD
DB00745	Modafinil	DOID:8986	narcolepsy	PALLIATES_CpD
DB00691	Moexipril	DOID:10763	hypertension	TREATS_CtD
DB00764	Mometasone	DOID:2841	asthma	TREATS_CtD
DB00764	Mometasone	DOID:3310	atopic dermatitis	TREATS_CtD
DB00764	Mometasone	DOID:418	systemic scleroderma	TREATS_CtD
DB00600	Monobenzone	DOID:12306	vitiligo	PALLIATES_CpD
DB00471	Montelukast	DOID:4481	allergic rhinitis	TREATS_CtD
DB00471	Montelukast	DOID:2841	asthma	TREATS_CtD
DB00471	Montelukast	DOID:3083	chronic obstructive pulmonary disease	TREATS_CtD
DB00295	Morphine	DOID:3393	coronary artery disease	PALLIATES_CpD
DB00218	Moxifloxacin	DOID:3083	chronic obstructive pulmonary disease	PALLIATES_CpD
DB00688	Mycophenolate mofetil	DOID:8893	psoriasis	TREATS_CtD
DB00688	Mycophenolate mofetil	DOID:9074	systemic lupus erythematosus	TREATS_CtD
DB00688	Mycophenolate mofetil	DOID:418	systemic scleroderma	TREATS_CtD
DB01024	Mycophenolic acid	DOID:8893	psoriasis	TREATS_CtD
DB01024	Mycophenolic acid	DOID:418	systemic scleroderma	TREATS_CtD
DB00461	Nabumetone	DOID:8398	osteoarthritis	PALLIATES_CpD
DB00461	Nabumetone	DOID:7148	rheumatoid arthritis	PALLIATES_CpD
DB01203	Nadolol	DOID:10763	hypertension	TREATS_CtD
DB00704	Naltrexone	DOID:0050741	alcohol dependence	TREATS_CtD
DB00788	Naproxen	DOID:7147	ankylosing spondylitis	PALLIATES_CpD
DB00788	Naproxen	DOID:13189	gout	TREATS_CtD
DB00788	Naproxen	DOID:6364	migraine	PALLIATES_CpD
DB00788	Naproxen	DOID:8398	osteoarthritis	PALLIATES_CpD
DB00788	Naproxen	DOID:7148	rheumatoid arthritis	PALLIATES_CpD
DB00788	Naproxen	DOID:9074	systemic lupus erythematosus	PALLIATES_CpD
DB00952	Naratriptan	DOID:6364	migraine	PALLIATES_CpD
DB00731	Nateglinide	DOID:9352	type 2 diabetes mellitus	TREATS_CtD
DB04861	Nebivolol	DOID:10763	hypertension	TREATS_CtD
DB00716	Nedocromil	DOID:2841	asthma	TREATS_CtD
DB01149	Nefazodone	DOID:1595	endogenous depression	PALLIATES_CpD
DB01280	Nelarabine	DOID:2531	hematologic cancer	TREATS_CtD
DB00220	Nelfinavir	DOID:635	acquired immunodeficiency syndrome	TREATS_CtD
DB00238	Nevirapine	DOID:635	acquired immunodeficiency syndrome	TREATS_CtD
DB00627	Niacin	DOID:1936	atherosclerosis	TREATS_CtD
DB00627	Niacin	DOID:3393	coronary artery disease	TREATS_CtD
DB00622	Nicardipine	DOID:10763	hypertension	TREATS_CtD
DB00184	Nicotine	DOID:0050742	nicotine dependence	PALLIATES_CpD
DB00184	Nicotine	DOID:8577	ulcerative colitis	TREATS_CtD
DB01115	Nifedipine	DOID:3393	coronary artery disease	PALLIATES_CpD
DB01115	Nifedipine	DOID:10763	hypertension	TREATS_CtD
DB01115	Nifedipine	DOID:418	systemic scleroderma	PALLIATES_CpD
DB04868	Nilotinib	DOID:2531	hematologic cancer	TREATS_CtD
DB00665	Nilutamide	DOID:10283	prostate cancer	TREATS_CtD
DB00401	Nisoldipine	DOID:10763	hypertension	TREATS_CtD
DB00727	Nitroglycerin	DOID:3393	coronary artery disease	PALLIATES_CpD
DB00717	Norethindrone	DOID:11612	polycystic ovary syndrome	PALLIATES_CpD
DB00540	Nortriptyline	DOID:1094	attention deficit hyperactivity disorder	PALLIATES_CpD
DB00540	Nortriptyline	DOID:1595	endogenous depression	PALLIATES_CpD
DB00540	Nortriptyline	DOID:2377	multiple sclerosis	PALLIATES_CpD
DB00540	Nortriptyline	DOID:594	panic disorder	PALLIATES_CpD
DB00104	Octreotide	DOID:1793	pancreatic cancer	PALLIATES_CpD
DB00104	Octreotide	DOID:4989	pancreatitis	PALLIATES_CpD
DB00104	Octreotide	DOID:3277	thymus cancer	TREATS_CtD
DB00104	Octreotide	DOID:9744	type 1 diabetes mellitus	PALLIATES_CpD
DB01165	Ofloxacin	DOID:3083	chronic obstructive pulmonary disease	PALLIATES_CpD
DB00334	Olanzapine	DOID:11119	Gilles de la Tourette syndrome	PALLIATES_CpD
DB00334	Olanzapine	DOID:3312	bipolar disorder	PALLIATES_CpD
DB00334	Olanzapine	DOID:594	panic disorder	PALLIATES_CpD
DB00334	Olanzapine	DOID:5419	schizophrenia	PALLIATES_CpD
DB00275	Olmesartan	DOID:3393	coronary artery disease	TREATS_CtD
DB00275	Olmesartan	DOID:10763	hypertension	TREATS_CtD
DB00768	Olopatadine	DOID:4481	allergic rhinitis	TREATS_CtD
DB01250	Olsalazine	DOID:8577	ulcerative colitis	TREATS_CtD
DB00338	Omeprazole	DOID:9206	Barrett's esophagus	TREATS_CtD
DB00338	Omeprazole	DOID:5041	esophageal cancer	PALLIATES_CpD
DB00338	Omeprazole	DOID:263	kidney cancer	PALLIATES_CpD
DB00338	Omeprazole	DOID:10283	prostate cancer	PALLIATES_CpD
DB00338	Omeprazole	DOID:418	systemic scleroderma	PALLIATES_CpD
DB00904	Ondansetron	DOID:0050741	alcohol dependence	PALLIATES_CpD
DB00816	Orciprenaline	DOID:2841	asthma	TREATS_CtD
DB01083	Orlistat	DOID:9970	obesity	TREATS_CtD
DB01083	Orlistat	DOID:9352	type 2 diabetes mellitus	TREATS_CtD
DB01173	Orphenadrine	DOID:6364	migraine	PALLIATES_CpD
DB00621	Oxandrolone	DOID:11476	osteoporosis	PALLIATES_CpD
DB00991	Oxaprozin	DOID:8398	osteoarthritis	PALLIATES_CpD
DB00991	Oxaprozin	DOID:7148	rheumatoid arthritis	PALLIATES_CpD
DB00776	Oxcarbazepine	DOID:3312	bipolar disorder	PALLIATES_CpD
DB00776	Oxcarbazepine	DOID:1826	epilepsy syndrome	TREATS_CtD
DB00776	Oxcarbazepine	DOID:2377	multiple sclerosis	PALLIATES_CpD
DB00935	Oxymetazoline	DOID:4481	allergic rhinitis	PALLIATES_CpD
DB01229	Paclitaxel	DOID:1612	breast cancer	TREATS_CtD
DB01229	Paclitaxel	DOID:263	kidney cancer	TREATS_CtD
DB01229	Paclitaxel	DOID:1324	lung cancer	TREATS_CtD
DB01229	Paclitaxel	DOID:2394	ovarian cancer	TREATS_CtD
DB01267	Paliperidone	DOID:5419	schizophrenia	PALLIATES_CpD
DB00282	Pamidronate	DOID:5408	Paget's disease of bone	TREATS_CtD
DB00282	Pamidronate	DOID:11476	osteoporosis	TREATS_CtD
DB00910	Paricalcitol	DOID:784	chronic kidney failure	PALLIATES_CpD
DB00715	Paroxetine	DOID:3312	bipolar disorder	PALLIATES_CpD
DB00715	Paroxetine	DOID:1595	endogenous depression	PALLIATES_CpD
DB00715	Paroxetine	DOID:594	panic disorder	PALLIATES_CpD
DB06589	Pazopanib	DOID:263	kidney cancer	TREATS_CtD
DB00642	Pemetrexed	DOID:1324	lung cancer	TREATS_CtD
DB01359	Penbutolol	DOID:3393	coronary artery disease	TREATS_CtD
DB01359	Penbutolol	DOID:10763	hypertension	TREATS_CtD
DB00859	Penicillamine	DOID:7148	rheumatoid arthritis	TREATS_CtD
DB00552	Pentostatin	DOID:2531	hematologic cancer	TREATS_CtD
DB00806	Pentoxifylline	DOID:12365	malaria	TREATS_CtD
DB00806	Pentoxifylline	DOID:418	systemic scleroderma	TREATS_CtD
DB01186	Pergolide	DOID:11119	Gilles de la Tourette syndrome	PALLIATES_CpD
DB01186	Pergolide	DOID:14330	Parkinson's disease	PALLIATES_CpD
DB00790	Perindopril	DOID:3393	coronary artery disease	TREATS_CtD
DB00790	Perindopril	DOID:10763	hypertension	TREATS_CtD
DB00850	Perphenazine	DOID:11119	Gilles de la Tourette syndrome	PALLIATES_CpD
DB01579	Phendimetrazine	DOID:9970	obesity	TREATS_CtD
DB01174	Phenobarbital	DOID:1826	epilepsy syndrome	TREATS_CtD
DB00191	Phentermine	DOID:9970	obesity	TREATS_CtD
DB00692	Phentolamine	DOID:10763	hypertension	PALLIATES_CpD
DB00397	Phenylpropanolamine	DOID:9970	obesity	TREATS_CtD
DB00252	Phenytoin	DOID:1826	epilepsy syndrome	TREATS_CtD
DB00981	Physostigmine	DOID:1686	glaucoma	TREATS_CtD
DB01085	Pilocarpine	DOID:1686	glaucoma	TREATS_CtD
DB01085	Pilocarpine	DOID:11934	head and neck cancer	PALLIATES_CpD
DB00337	Pimecrolimus	DOID:3310	atopic dermatitis	TREATS_CtD
DB01100	Pimozide	DOID:11119	Gilles de la Tourette syndrome	PALLIATES_CpD
DB00960	Pindolol	DOID:10763	hypertension	TREATS_CtD
DB01132	Pioglitazone	DOID:9352	type 2 diabetes mellitus	TREATS_CtD
DB01291	Pirbuterol	DOID:2841	asthma	TREATS_CtD
DB00554	Piroxicam	DOID:7147	ankylosing spondylitis	PALLIATES_CpD
DB00554	Piroxicam	DOID:8398	osteoarthritis	PALLIATES_CpD
DB00554	Piroxicam	DOID:7148	rheumatoid arthritis	PALLIATES_CpD
DB08860	Pitavastatin	DOID:3393	coronary artery disease	TREATS_CtD
DB00707	Porfimer	DOID:5041	esophageal cancer	PALLIATES_CpD
DB00413	Pramipexole	DOID:14330	Parkinson's disease	PALLIATES_CpD
DB00413	Pramipexole	DOID:0050425	restless legs syndrome	PALLIATES_CpD
DB00175	Pravastatin	DOID:1936	atherosclerosis	TREATS_CtD
DB00175	Pravastatin	DOID:3393	coronary artery disease	TREATS_CtD
DB00457	Prazosin	DOID:10763	hypertension	TREATS_CtD
DB00860	Prednisolone	DOID:4481	allergic rhinitis	TREATS_CtD
DB00860	Prednisolone	DOID:7147	ankylosing spondylitis	TREATS_CtD
DB00860	Prednisolone	DOID:2841	asthma	TREATS_CtD
DB00860	Prednisolone	DOID:3310	atopic dermatitis	TREATS_CtD
DB00860	Prednisolone	DOID:3083	chronic obstructive pulmonary disease	TREATS_CtD
DB00860	Prednisolone	DOID:13189	gout	TREATS_CtD
DB00860	Prednisolone	DOID:2531	hematologic cancer	TREATS_CtD
DB00860	Prednisolone	DOID:0050156	idiopathic pulmonary fibrosis	PALLIATES_CpD
DB00860	Prednisolone	DOID:2377	multiple sclerosis	TREATS_CtD
DB00860	Prednisolone	DOID:8893	psoriasis	TREATS_CtD
DB00860	Prednisolone	DOID:9008	psoriatic arthritis	TREATS_CtD
DB00860	Prednisolone	DOID:7148	rheumatoid arthritis	TREATS_CtD
DB00860	Prednisolone	DOID:9074	systemic lupus erythematosus	TREATS_CtD
DB00860	Prednisolone	DOID:8577	ulcerative colitis	TREATS_CtD
DB00635	Prednisone	DOID:8778	Crohn's disease	TREATS_CtD
DB00635	Prednisone	DOID:7147	ankylosing spondylitis	TREATS_CtD
DB00635	Prednisone	DOID:2841	asthma	TREATS_CtD
DB00635	Prednisone	DOID:3310	atopic dermatitis	TREATS_CtD
DB00635	Prednisone	DOID:3083	chronic obstructive pulmonary disease	TREATS_CtD
DB00635	Prednisone	DOID:13189	gout	TREATS_CtD
DB00635	Prednisone	DOID:2531	hematologic cancer	TREATS_CtD
DB00635	Prednisone	DOID:6364	migraine	PALLIATES_CpD
DB00635	Prednisone	DOID:2377	multiple sclerosis	TREATS_CtD
DB00635	Prednisone	DOID:8398	osteoarthritis	PALLIATES_CpD
DB00635	Prednisone	DOID:10283	prostate cancer	TREATS_CtD
DB00635	Prednisone	DOID:8893	psoriasis	TREATS_CtD
DB00635	Prednisone	DOID:9008	psoriatic arthritis	TREATS_CtD
DB00635	Prednisone	DOID:7148	rheumatoid arthritis	TREATS_CtD
DB00635	Prednisone	DOID:9074	systemic lupus erythematosus	TREATS_CtD
DB00635	Prednisone	DOID:418	systemic scleroderma	TREATS_CtD
DB00635	Prednisone	DOID:8577	ulcerative colitis	TREATS_CtD
DB00230	Pregabalin	DOID:1826	epilepsy syndrome	TREATS_CtD
DB00230	Pregabalin	DOID:2377	multiple sclerosis	PALLIATES_CpD
DB00230	Pregabalin	DOID:0050425	restless legs syndrome	PALLIATES_CpD
DB00230	Pregabalin	DOID:9074	systemic lupus erythematosus	PALLIATES_CpD
DB00794	Primidone	DOID:1826	epilepsy syndrome	TREATS_CtD
DB01032	Probenecid	DOID:13189	gout	TREATS_CtD
DB01168	Procarbazine	DOID:1319	brain cancer	TREATS_CtD
DB01168	Procarbazine	DOID:2531	hematologic cancer	TREATS_CtD
DB00433	Prochlorperazine	DOID:1612	breast cancer	PALLIATES_CpD
DB00387	Procyclidine	DOID:14330	Parkinson's disease	PALLIATES_CpD
DB00396	Progesterone	DOID:363	uterine cancer	TREATS_CtD
DB01131	Proguanil	DOID:12365	malaria	TREATS_CtD
DB00782	Propantheline	DOID:4989	pancreatitis	TREATS_CtD
DB00818	Propofol	DOID:1826	epilepsy syndrome	TREATS_CtD
DB00571	Propranolol	DOID:10763	hypertension	TREATS_CtD
DB00571	Propranolol	DOID:6364	migraine	TREATS_CtD
DB00550	Propylthiouracil	DOID:12361	Graves' disease	TREATS_CtD
DB00852	Pseudoephedrine	DOID:4481	allergic rhinitis	PALLIATES_CpD
DB00852	Pseudoephedrine	DOID:2841	asthma	PALLIATES_CpD
DB00205	Pyrimethamine	DOID:12365	malaria	TREATS_CtD
DB01589	Quazepam	DOID:2377	multiple sclerosis	PALLIATES_CpD
DB01224	Quetiapine	DOID:10652	Alzheimer's disease	PALLIATES_CpD
DB01224	Quetiapine	DOID:12849	autistic disorder	PALLIATES_CpD
DB01224	Quetiapine	DOID:3312	bipolar disorder	PALLIATES_CpD
DB01224	Quetiapine	DOID:5419	schizophrenia	PALLIATES_CpD
DB00881	Quinapril	DOID:10763	hypertension	TREATS_CtD
DB00908	Quinidine	DOID:12365	malaria	TREATS_CtD
DB01346	Quinidine barbiturate	DOID:12365	malaria	TREATS_CtD
DB00468	Quinine	DOID:12365	malaria	TREATS_CtD
DB00481	Raloxifene	DOID:1612	breast cancer	TREATS_CtD
DB00481	Raloxifene	DOID:11476	osteoporosis	TREATS_CtD
DB00980	Ramelteon	DOID:14330	Parkinson's disease	PALLIATES_CpD
DB00178	Ramipril	DOID:3393	coronary artery disease	TREATS_CtD
DB00178	Ramipril	DOID:10763	hypertension	TREATS_CtD
DB00178	Ramipril	DOID:9744	type 1 diabetes mellitus	TREATS_CtD
DB00178	Ramipril	DOID:9352	type 2 diabetes mellitus	TREATS_CtD
DB01367	Rasagiline	DOID:14330	Parkinson's disease	PALLIATES_CpD
DB00912	Repaglinide	DOID:9352	type 2 diabetes mellitus	TREATS_CtD
DB00206	Reserpine	DOID:10763	hypertension	TREATS_CtD
DB01045	Rifampicin	DOID:1024	leprosy	TREATS_CtD
DB00740	Riluzole	DOID:332	amyotrophic lateral sclerosis	TREATS_CtD
DB00884	Risedronate	DOID:5408	Paget's disease of bone	TREATS_CtD
DB00884	Risedronate	DOID:11476	osteoporosis	TREATS_CtD
DB00734	Risperidone	DOID:11119	Gilles de la Tourette syndrome	PALLIATES_CpD
DB00734	Risperidone	DOID:12849	autistic disorder	PALLIATES_CpD
DB00734	Risperidone	DOID:3312	bipolar disorder	PALLIATES_CpD
DB00734	Risperidone	DOID:12995	conduct disorder	PALLIATES_CpD
DB00734	Risperidone	DOID:5419	schizophrenia	PALLIATES_CpD
DB00503	Ritonavir	DOID:635	acquired immunodeficiency syndrome	TREATS_CtD
DB00989	Rivastigmine	DOID:10652	Alzheimer's disease	TREATS_CtD
DB00989	Rivastigmine	DOID:14330	Parkinson's disease	PALLIATES_CpD
DB00953	Rizatriptan	DOID:6364	migraine	PALLIATES_CpD
DB01656	Roflumilast	DOID:3083	chronic obstructive pulmonary disease	TREATS_CtD
DB00268	Ropinirole	DOID:10652	Alzheimer's disease	PALLIATES_CpD
DB00268	Ropinirole	DOID:14330	Parkinson's disease	PALLIATES_CpD
DB00268	Ropinirole	DOID:0050425	restless legs syndrome	PALLIATES_CpD
DB00412	Rosiglitazone	DOID:9352	type 2 diabetes mellitus	TREATS_CtD
DB01098	Rosuvastatin	DOID:1936	atherosclerosis	TREATS_CtD
DB01098	Rosuvastatin	DOID:3393	coronary artery disease	TREATS_CtD
DB05271	Rotigotine	DOID:14330	Parkinson's disease	PALLIATES_CpD
DB06201	Rufinamide	DOID:1826	epilepsy syndrome	TREATS_CtD
DB08877	Ruxolitinib	DOID:2531	hematologic cancer	TREATS_CtD
DB01001	Salbutamol	DOID:4481	allergic rhinitis	PALLIATES_CpD
DB01001	Salbutamol	DOID:2841	asthma	TREATS_CtD
DB01001	Salbutamol	DOID:3083	chronic obstructive pulmonary disease	TREATS_CtD
DB01398	Salicylate-sodium	DOID:8893	psoriasis	PALLIATES_CpD
DB00936	Salicylic acid	DOID:8893	psoriasis	PALLIATES_CpD
DB00938	Salmeterol	DOID:2841	asthma	TREATS_CtD
DB01399	Salsalate	DOID:7148	rheumatoid arthritis	PALLIATES_CpD
DB01232	Saquinavir	DOID:635	acquired immunodeficiency syndrome	TREATS_CtD
DB01037	Selegiline	DOID:10652	Alzheimer's disease	PALLIATES_CpD
DB01037	Selegiline	DOID:14330	Parkinson's disease	PALLIATES_CpD
DB01037	Selegiline	DOID:1595	endogenous depression	PALLIATES_CpD
DB01104	Sertraline	DOID:12849	autistic disorder	PALLIATES_CpD
DB01104	Sertraline	DOID:1595	endogenous depression	PALLIATES_CpD
DB01104	Sertraline	DOID:594	panic disorder	PALLIATES_CpD
DB01104	Sertraline	DOID:5419	schizophrenia	PALLIATES_CpD
DB01105	Sibutramine	DOID:9970	obesity	TREATS_CtD
DB00203	Sildenafil	DOID:2377	multiple sclerosis	PALLIATES_CpD
DB00203	Sildenafil	DOID:418	systemic scleroderma	PALLIATES_CpD
DB00203	Sildenafil	DOID:9744	type 1 diabetes mellitus	PALLIATES_CpD
DB00641	Simvastatin	DOID:1936	atherosclerosis	TREATS_CtD
DB00641	Simvastatin	DOID:3393	coronary artery disease	TREATS_CtD
DB01261	Sitagliptin	DOID:9352	type 2 diabetes mellitus	TREATS_CtD
DB01591	Solifenacin	DOID:2377	multiple sclerosis	PALLIATES_CpD
DB00398	Sorafenib	DOID:263	kidney cancer	TREATS_CtD
DB00398	Sorafenib	DOID:3571	liver cancer	TREATS_CtD
DB00398	Sorafenib	DOID:1781	thyroid cancer	TREATS_CtD
DB00421	Spironolactone	DOID:12930	dilated cardiomyopathy	TREATS_CtD
DB00421	Spironolactone	DOID:10763	hypertension	TREATS_CtD
DB00649	Stavudine	DOID:635	acquired immunodeficiency syndrome	TREATS_CtD
DB00359	Sulfadiazine	DOID:12365	malaria	TREATS_CtD
DB00795	Sulfasalazine	DOID:8778	Crohn's disease	TREATS_CtD
DB00795	Sulfasalazine	DOID:7147	ankylosing spondylitis	TREATS_CtD
DB00795	Sulfasalazine	DOID:7148	rheumatoid arthritis	TREATS_CtD
DB00795	Sulfasalazine	DOID:8577	ulcerative colitis	TREATS_CtD
DB00605	Sulindac	DOID:8398	osteoarthritis	PALLIATES_CpD
DB00669	Sumatriptan	DOID:6364	migraine	PALLIATES_CpD
DB01268	Sunitinib	DOID:263	kidney cancer	TREATS_CtD
DB01268	Sunitinib	DOID:1793	pancreatic cancer	TREATS_CtD
DB00864	Tacrolimus	DOID:3310	atopic dermatitis	TREATS_CtD
DB00820	Tadalafil	DOID:418	systemic scleroderma	PALLIATES_CpD
DB00675	Tamoxifen	DOID:1612	breast cancer	TREATS_CtD
DB00675	Tamoxifen	DOID:1793	pancreatic cancer	TREATS_CtD
DB00706	Tamsulosin	DOID:10283	prostate cancer	PALLIATES_CpD
DB00799	Tazarotene	DOID:8893	psoriasis	TREATS_CtD
DB01265	Telbivudine	DOID:2043	hepatitis B	TREATS_CtD
DB00966	Telmisartan	DOID:3393	coronary artery disease	TREATS_CtD
DB00966	Telmisartan	DOID:10763	hypertension	TREATS_CtD
DB00853	Temozolomide	DOID:1319	brain cancer	TREATS_CtD
DB00853	Temozolomide	DOID:3070	malignant glioma	TREATS_CtD
DB00853	Temozolomide	DOID:1909	melanoma	TREATS_CtD
DB00853	Temozolomide	DOID:4159	skin cancer	TREATS_CtD
DB06287	Temsirolimus	DOID:263	kidney cancer	TREATS_CtD
DB00444	Teniposide	DOID:2531	hematologic cancer	TREATS_CtD
DB00444	Teniposide	DOID:1324	lung cancer	TREATS_CtD
DB00444	Teniposide	DOID:0060073	lymphatic system cancer	TREATS_CtD
DB01162	Terazosin	DOID:10763	hypertension	TREATS_CtD
DB00871	Terbutaline	DOID:2841	asthma	TREATS_CtD
DB00624	Testosterone	DOID:1612	breast cancer	PALLIATES_CpD
DB01420	Testosterone Propionate	DOID:1612	breast cancer	PALLIATES_CpD
DB01041	Thalidomide	DOID:2531	hematologic cancer	TREATS_CtD
DB01041	Thalidomide	DOID:1024	leprosy	TREATS_CtD
DB00277	Theophylline	DOID:2841	asthma	TREATS_CtD
DB00679	Thioridazine	DOID:5419	schizophrenia	PALLIATES_CpD
DB04572	Thiotepa	DOID:1612	breast cancer	TREATS_CtD
DB04572	Thiotepa	DOID:2531	hematologic cancer	TREATS_CtD
DB04572	Thiotepa	DOID:1115	sarcoma	TREATS_CtD
DB04572	Thiotepa	DOID:11054	urinary bladder cancer	TREATS_CtD
DB01623	Thiothixene	DOID:5419	schizophrenia	PALLIATES_CpD
DB00906	Tiagabine	DOID:3312	bipolar disorder	PALLIATES_CpD
DB08816	Ticagrelor	DOID:3393	coronary artery disease	TREATS_CtD
DB01133	Tiludronate	DOID:5408	Paget's disease of bone	TREATS_CtD
DB00373	Timolol	DOID:3393	coronary artery disease	TREATS_CtD
DB00373	Timolol	DOID:1686	glaucoma	TREATS_CtD
DB00373	Timolol	DOID:10763	hypertension	TREATS_CtD
DB00373	Timolol	DOID:6364	migraine	TREATS_CtD
DB00352	Tioguanine	DOID:2531	hematologic cancer	TREATS_CtD
DB01409	Tiotropium	DOID:2841	asthma	TREATS_CtD
DB01409	Tiotropium	DOID:3083	chronic obstructive pulmonary disease	TREATS_CtD
DB00775	Tirofiban	DOID:3393	coronary artery disease	TREATS_CtD
DB00697	Tizanidine	DOID:6364	migraine	PALLIATES_CpD
DB00697	Tizanidine	DOID:2377	multiple sclerosis	PALLIATES_CpD
DB00839	Tolazamide	DOID:9352	type 2 diabetes mellitus	TREATS_CtD
DB00797	Tolazoline	DOID:418	systemic scleroderma	PALLIATES_CpD
DB01124	Tolbutamide	DOID:9352	type 2 diabetes mellitus	TREATS_CtD
DB00323	Tolcapone	DOID:14330	Parkinson's disease	PALLIATES_CpD
DB00500	Tolmetin	DOID:7147	ankylosing spondylitis	PALLIATES_CpD
DB00500	Tolmetin	DOID:8398	osteoarthritis	PALLIATES_CpD
DB00500	Tolmetin	DOID:7148	rheumatoid arthritis	PALLIATES_CpD
DB01036	Tolterodine	DOID:2377	multiple sclerosis	PALLIATES_CpD
DB00273	Topiramate	DOID:3312	bipolar disorder	PALLIATES_CpD
DB00273	Topiramate	DOID:1826	epilepsy syndrome	TREATS_CtD
DB00273	Topiramate	DOID:6364	migraine	TREATS_CtD
DB00273	Topiramate	DOID:9970	obesity	TREATS_CtD
DB01030	Topotecan	DOID:4362	cervical cancer	TREATS_CtD
DB01030	Topotecan	DOID:1324	lung cancer	TREATS_CtD
DB01030	Topotecan	DOID:2394	ovarian cancer	TREATS_CtD
DB01030	Topotecan	DOID:1192	peripheral nervous system neoplasm	TREATS_CtD
DB00214	Torasemide	DOID:784	chronic kidney failure	PALLIATES_CpD
DB00214	Torasemide	DOID:10763	hypertension	TREATS_CtD
DB00539	Toremifene	DOID:1612	breast cancer	TREATS_CtD
DB00193	Tramadol	DOID:0050425	restless legs syndrome	PALLIATES_CpD
DB00519	Trandolapril	DOID:3393	coronary artery disease	TREATS_CtD
DB00519	Trandolapril	DOID:10763	hypertension	TREATS_CtD
DB00287	Travoprost	DOID:1686	glaucoma	TREATS_CtD
DB00656	Trazodone	DOID:3312	bipolar disorder	PALLIATES_CpD
DB00656	Trazodone	DOID:1595	endogenous depression	PALLIATES_CpD
DB00656	Trazodone	DOID:5419	schizophrenia	PALLIATES_CpD
DB00755	Tretinoin	DOID:1192	peripheral nervous system neoplasm	TREATS_CtD
DB00620	Triamcinolone	DOID:4481	allergic rhinitis	TREATS_CtD
DB00620	Triamcinolone	DOID:986	alopecia areata	TREATS_CtD
DB00620	Triamcinolone	DOID:7147	ankylosing spondylitis	TREATS_CtD
DB00620	Triamcinolone	DOID:2841	asthma	TREATS_CtD
DB00620	Triamcinolone	DOID:3310	atopic dermatitis	TREATS_CtD
DB00620	Triamcinolone	DOID:1319	brain cancer	PALLIATES_CpD
DB00620	Triamcinolone	DOID:2531	hematologic cancer	TREATS_CtD
DB00620	Triamcinolone	DOID:2377	multiple sclerosis	TREATS_CtD
DB00620	Triamcinolone	DOID:8893	psoriasis	TREATS_CtD
DB00620	Triamcinolone	DOID:9008	psoriatic arthritis	TREATS_CtD
DB00620	Triamcinolone	DOID:7148	rheumatoid arthritis	TREATS_CtD
DB00620	Triamcinolone	DOID:9074	systemic lupus erythematosus	TREATS_CtD
DB00620	Triamcinolone	DOID:8577	ulcerative colitis	TREATS_CtD
DB00384	Triamterene	DOID:10763	hypertension	TREATS_CtD
DB00831	Trifluoperazine	DOID:5419	schizophrenia	PALLIATES_CpD
DB00376	Trihexyphenidyl	DOID:14330	Parkinson's disease	PALLIATES_CpD
DB00347	Trimethadione	DOID:1826	epilepsy syndrome	TREATS_CtD
DB00427	Triprolidine	DOID:3310	atopic dermatitis	PALLIATES_CpD
DB01401	Trisalicylate-choline	DOID:8893	psoriasis	PALLIATES_CpD
DB01401	Trisalicylate-choline	DOID:7148	rheumatoid arthritis	PALLIATES_CpD
DB01586	Ursodeoxycholic acid	DOID:12236	primary biliary cirrhosis	TREATS_CtD
DB00313	Valproic Acid	DOID:3312	bipolar disorder	PALLIATES_CpD
DB00313	Valproic Acid	DOID:1595	endogenous depression	PALLIATES_CpD
DB00313	Valproic Acid	DOID:1826	epilepsy syndrome	TREATS_CtD
DB00313	Valproic Acid	DOID:6364	migraine	TREATS_CtD
DB00313	Valproic Acid	DOID:5419	schizophrenia	PALLIATES_CpD
DB00385	Valrubicin	DOID:11054	urinary bladder cancer	TREATS_CtD
DB00177	Valsartan	DOID:3393	coronary artery disease	TREATS_CtD
DB00177	Valsartan	DOID:10763	hypertension	TREATS_CtD
DB00177	Valsartan	DOID:9352	type 2 diabetes mellitus	TREATS_CtD
DB05294	Vandetanib	DOID:1781	thyroid cancer	TREATS_CtD
DB01273	Varenicline	DOID:0050742	nicotine dependence	TREATS_CtD
DB08881	Vemurafenib	DOID:1909	melanoma	TREATS_CtD
DB08881	Vemurafenib	DOID:4159	skin cancer	TREATS_CtD
DB00285	Venlafaxine	DOID:1094	attention deficit hyperactivity disorder	PALLIATES_CpD
DB00285	Venlafaxine	DOID:594	panic disorder	PALLIATES_CpD
DB00661	Verapamil	DOID:10763	hypertension	TREATS_CtD
DB00661	Verapamil	DOID:6364	migraine	TREATS_CtD
DB01080	Vigabatrin	DOID:1826	epilepsy syndrome	TREATS_CtD
DB06684	Vilazodone	DOID:1595	endogenous depression	PALLIATES_CpD
DB00570	Vinblastine	DOID:1612	breast cancer	TREATS_CtD
DB00570	Vinblastine	DOID:2994	germ cell cancer	TREATS_CtD
DB00570	Vinblastine	DOID:11934	head and neck cancer	TREATS_CtD
DB00570	Vinblastine	DOID:2531	hematologic cancer	TREATS_CtD
DB00570	Vinblastine	DOID:263	kidney cancer	TREATS_CtD
DB00570	Vinblastine	DOID:1324	lung cancer	TREATS_CtD
DB00570	Vinblastine	DOID:2998	testicular cancer	TREATS_CtD
DB00541	Vincristine	DOID:219	colon cancer	TREATS_CtD
DB00541	Vincristine	DOID:2531	hematologic cancer	TREATS_CtD
DB00541	Vincristine	DOID:263	kidney cancer	TREATS_CtD
DB00541	Vincristine	DOID:0060073	lymphatic system cancer	TREATS_CtD
DB00541	Vincristine	DOID:4045	muscle cancer	TREATS_CtD
DB00541	Vincristine	DOID:1192	peripheral nervous system neoplasm	TREATS_CtD
DB00541	Vincristine	DOID:1115	sarcoma	TREATS_CtD
DB00361	Vinorelbine	DOID:1612	breast cancer	TREATS_CtD
DB00361	Vinorelbine	DOID:2531	hematologic cancer	TREATS_CtD
DB00361	Vinorelbine	DOID:1324	lung cancer	TREATS_CtD
DB00361	Vinorelbine	DOID:2394	ovarian cancer	TREATS_CtD
DB08828	Vismodegib	DOID:4159	skin cancer	TREATS_CtD
DB00126	Vitamin C	DOID:10283	prostate cancer	TREATS_CtD
DB02546	Vorinostat	DOID:2531	hematologic cancer	TREATS_CtD
DB05389	WF10	DOID:2841	asthma	TREATS_CtD
DB00549	Zafirlukast	DOID:2841	asthma	TREATS_CtD
DB00495	Zidovudine	DOID:635	acquired immunodeficiency syndrome	TREATS_CtD
DB00744	Zileuton	DOID:2841	asthma	TREATS_CtD
DB00246	Ziprasidone	DOID:11119	Gilles de la Tourette syndrome	PALLIATES_CpD
DB00246	Ziprasidone	DOID:3312	bipolar disorder	PALLIATES_CpD
DB00246	Ziprasidone	DOID:5419	schizophrenia	PALLIATES_CpD
DB00399	Zoledronate	DOID:5408	Paget's disease of bone	TREATS_CtD
DB00399	Zoledronate	DOID:11476	osteoporosis	TREATS_CtD
DB00315	Zolmitriptan	DOID:6364	migraine	PALLIATES_CpD
DB00425	Zolpidem	DOID:2377	multiple sclerosis	PALLIATES_CpD
DB00909	Zonisamide	DOID:1826	epilepsy syndrome	TREATS_CtD
DB01198	Zopiclone	DOID:2377	multiple sclerosis	PALLIATES_CpD
DB01198	Zopiclone	DOID:5419	schizophrenia	PALLIATES_CpD
